0.158113883008419,0.158113883008419,0.158113883008419,0.158113883008419,0.158113883008419,0.158113883008419,0.158113883008419,0.158113883008419,0.158113883008419,0.158113883008419,0.158113883008419,0.158113883008419,0.158113883008419,0.158113883008419,0.158113883008419,0.158113883008419,0.158113883008419,0.158113883008419,0.158113883008419,0.158113883008419,0.158113883008419,0.158113883008419,0.158113883008419,0.158113883008419,0.158113883008419,0.158113883008419,0.158113883008419,0.158113883008419,0.158113883008419,0.158113883008419,0.158113883008419,0.158113883008419,0.158113883008419,0.158113883008419,0.158113883008419,0.158113883008419,0.158113883008419,0.158113883008419,0.158113883008419,0.158113883008419
0.223434405012586,0.222056857606204,0.219310255831282,0.215211533401099,0.209785960302401,0.203066986997529,0.195096038191191,0.185922257433389,0.175602204133085,0.164199504850642,0.151784461018919,0.13843361551156,0.124229280730723,0.109259031123753,0.093615163257591,0.0773941267797449,0.060695929774143,0.0436235221780387,0.0262821610614136,0.0087787616821395,-0.00877876168213948,-0.0262821610614136,-0.0436235221780386,-0.060695929774143,-0.0773941267797449,-0.0936151632575909,-0.109259031123753,-0.124229280730723,-0.13843361551156,-0.151784461018919,-0.164199504850642,-0.175602204133085,-0.185922257433389,-0.195096038191191,-0.203066986997529,-0.209785960302401,-0.215211533401099,-0.219310255831282,-0.222056857606204,-0.223434405012586
0.222917492617512,0.217428524128526,0.206585743771596,0.190656136784234,0.170031942957804,0.145220998392086,0.116834230885093,0.0855706168631284,0.0521999702613977,0.0175439871500625,-0.0175439871500624,-0.0521999702613977,-0.0855706168631284,-0.116834230885093,-0.145220998392086,-0.170031942957804,-0.190656136784234,-0.206585743771596,-0.217428524128526,-0.222917492617512,-0.222917492617512,-0.217428524128526,-0.206585743771596,-0.190656136784234,-0.170031942957804,-0.145220998392086,-0.116834230885093,-0.0855706168631285,-0.0521999702613976,-0.0175439871500626,0.0175439871500625,0.0521999702613975,0.0855706168631284,0.116834230885093,0.145220998392086,0.170031942957803,0.190656136784234,0.206585743771596,0.217428524128526,0.222917492617512
0.222056857606204,0.209785960302401,0.185922257433389,0.151784461018919,0.109259031123753,0.060695929774143,0.0087787616821395,-0.0436235221780386,-0.0936151632575909,-0.13843361551156,-0.175602204133085,-0.203066986997529,-0.219310255831282,-0.223434405012586,-0.215211533401099,-0.195096038191191,-0.164199504850642,-0.124229280730723,-0.077394126779745,-0.0262821610614136,0.0262821610614135,0.0773941267797449,0.124229280730723,0.164199504850642,0.195096038191191,0.215211533401099,0.223434405012586,0.219310255831282,0.203066986997529,0.175602204133085,0.13843361551156,0.0936151632575912,0.0436235221780386,-0.00877876168213928,-0.0606959297741432,-0.109259031123753,-0.151784461018919,-0.185922257433388,-0.209785960302401,-0.222056857606204
0.220853827015469,0.1992351156481,0.158113883008419,0.101515361855673,0.0349798097853771,-0.034979809785377,-0.101515361855673,-0.158113883008419,-0.1992351156481,-0.220853827015469,-0.220853827015469,-0.1992351156481,-0.158113883008419,-0.101515361855673,-0.0349798097853771,0.034979809785377,0.101515361855673,0.158113883008419,0.1992351156481,0.220853827015469,0.220853827015469,0.1992351156481,0.158113883008419,0.101515361855673,0.0349798097853771,-0.0349798097853768,-0.101515361855673,-0.158113883008419,-0.1992351156481,-0.220853827015469,-0.220853827015469,-0.1992351156481,-0.158113883008419,-0.101515361855673,-0.034979809785377,0.0349798097853768,0.101515361855673,0.158113883008419,0.1992351156481,0.220853827015469
0.219310255831282,0.185922257433389,0.124229280730723,0.0436235221780387,-0.0436235221780386,-0.124229280730723,-0.185922257433389,-0.219310255831282,-0.219310255831282,-0.185922257433389,-0.124229280730723,-0.0436235221780387,0.0436235221780387,0.124229280730723,0.185922257433389,0.219310255831282,0.219310255831282,0.185922257433389,0.124229280730723,0.0436235221780388,-0.0436235221780384,-0.124229280730723,-0.185922257433389,-0.219310255831282,-0.219310255831282,-0.185922257433389,-0.124229280730723,-0.043623522178039,0.0436235221780388,0.124229280730723,0.185922257433389,0.219310255831281,0.219310255831282,0.185922257433389,0.124229280730723,0.043623522178039,-0.0436235221780388,-0.124229280730723,-0.185922257433389,-0.219310255831281
0.217428524128526,0.170031942957804,0.0855706168631284,-0.0175439871500624,-0.116834230885093,-0.190656136784234,-0.222917492617512,-0.206585743771596,-0.145220998392086,-0.0521999702613976,0.0521999702613975,0.145220998392086,0.206585743771596,0.222917492617512,0.190656136784234,0.116834230885093,0.0175439871500626,-0.0855706168631284,-0.170031942957803,-0.217428524128526,-0.217428524128526,-0.170031942957804,-0.0855706168631286,0.0175439871500625,0.116834230885093,0.190656136784234,0.222917492617512,0.206585743771597,0.145220998392086,0.0521999702613981,-0.0521999702613979,-0.145220998392086,-0.206585743771596,-0.222917492617512,-0.190656136784234,-0.116834230885094,-0.0175439871500623,0.0855706168631276,0.170031942957803,0.217428524128526
0.215211533401099,0.151784461018919,0.0436235221780387,-0.0773941267797449,-0.175602204133085,-0.222056857606204,-0.203066986997529,-0.124229280730723,-0.00877876168213958,0.109259031123753,0.195096038191191,0.223434405012586,0.185922257433389,0.093615163257591,-0.0262821610614135,-0.13843361551156,-0.209785960302401,-0.219310255831282,-0.164199504850642,-0.060695929774143,0.0606959297741428,0.164199504850642,0.219310255831282,0.209785960302402,0.13843361551156,0.0262821610614139,-0.0936151632575913,-0.185922257433388,-0.223434405012586,-0.195096038191192,-0.109259031123753,0.0087787616821386,0.124229280730723,0.203066986997529,0.222056857606204,0.175602204133085,0.0773941267797447,-0.043623522178038,-0.151784461018919,-0.215211533401099
0.21266270208801,0.131432778029783,1.36919674566051e-17,-0.131432778029783,-0.21266270208801,-0.21266270208801,-0.131432778029783,-4.10759023698152e-17,0.131432778029783,0.21266270208801,0.21266270208801,0.131432778029783,6.84598372830253e-17,-0.131432778029783,-0.21266270208801,-0.21266270208801,-0.131432778029783,-9.58437721962355e-17,0.131432778029783,0.21266270208801,0.21266270208801,0.131432778029784,1.23227707109446e-16,-0.131432778029783,-0.21266270208801,-0.21266270208801,-0.131432778029783,-5.47817106542219e-16,0.131432778029784,0.21266270208801,0.21266270208801,0.131432778029784,-2.19209887583698e-16,-0.131432778029783,-0.21266270208801,-0.21266270208801,-0.131432778029783,-6.0258497636864e-16,0.131432778029784,0.21266270208801
0.209785960302401,0.109259031123753,-0.0436235221780386,-0.175602204133085,-0.223434405012586,-0.164199504850642,-0.0262821610614136,0.124229280730723,0.215211533401099,0.203066986997529,0.093615163257591,-0.0606959297741428,-0.185922257433389,-0.222056857606204,-0.15178446101892,-0.00877876168213964,0.13843361551156,0.219310255831282,0.195096038191191,0.0773941267797451,-0.0773941267797448,-0.195096038191191,-0.219310255831282,-0.13843361551156,0.00877876168213939,0.151784461018919,0.222056857606204,0.185922257433389,0.0606959297741427,-0.0936151632575906,-0.203066986997529,-0.215211533401099,-0.124229280730723,0.0262821610614127,0.164199504850642,0.223434405012586,0.175602204133085,0.0436235221780391,-0.109259031123754,-0.209785960302401
