-8.87595149331042,-8.75471240854859,-8.70295177858035,-9.13926779472976,-10.0705448587284,-10.6452423051607,-9.1853025279092,-8.09941642683832,-7.89123102388403,-8.18496476268065,-10.8623935614101,-10.790286701007,-9.45379391856987,-9.36157145219007,-8.63630791892725,-9.5256773743492,-9.01686852436327,-8.62064946933736,-8.66694285342909,-8.87228770642418,-7.83798307436472,-8.82059404841623,-8.41820596529594,-8.73366542465027,-9.00452381253858,-9.1590047869334,-8.43121571733642,-8.24854462530402,-8.49499753817043,-10.4217109401347,-10.6579090062457,-10.1572960037394,-8.85896807181638,-8.25359636423673,-8.38428602399501,-8.51918570722039,-8.45360026592889,-8.24706478782945,-8.3400981676383,-8.31139669214655,-7.89018397737159,-8.32278650864884,-8.8314501025603,-9.4675087619189,-9.5902422720647,-9.60436505587216,-8.44024704211952,-8.40525475298718,-8.77562342105934
-13.3031979979874,-12.9712938594942,-13.1638803536128,-12.7198841170316,-14.99829242877,-14.014999451253,-15.2558503684466,-12.998237200806,-12.9186696741615,-12.1083760195845,-15.2920540934719,-11.8659171185147,-12.7635203003445,-12.2820724498171,-14.2382929815215,-14.9962120187677,-15.1220414658817,-12.0007004785681,-12.6735071442023,-12.4277870253474,-12.4311691827048,-13.978418158101,-12.124814148596,-15.5051400340312,-12.6500312672452,-12.9855164090533,-12.7656948144449,-11.8229560149664,-12.6583475545554,-12.9462509893218,-12.4173413620943,-12.0693398982913,-13.1211729275236,-12.4565815161795,-12.2263377028515,-11.9553189234754,-14.4687779232253,-11.7072413789414,-13.737858735897,-12.2185047834815,-14.4189439512545,-15.1370876365062,-13.1416350993918,-13.671921748235,-12.9346023959263,-12.874197163837,-13.8270147625325,-12.1161623530268,-13.1161534174738
-14.1273110585606,-13.5759188541242,-13.411149688841,-13.4650659912773,-15.3662900368369,-14.6543011337616,-15.241635815362,-13.9262363532789,-13.6421788027981,-12.5165011134892,-14.1766661800941,-13.7960400365141,-12.9934473119989,-13.3951542823285,-14.8721773167327,-14.8998856547311,-14.3232603056773,-16.4378347794697,-13.4478564661924,-14.5185212762585,-14.852935822964,-13.7918838207403,-15.9043845735109,-15.1777179087779,-12.1078695489983,-11.9378945004687,-11.9446904625346,-11.4669469179261,-11.9325281325912,-10.985675101617,-11.5264199634528,-12.2879855539252,-14.4234768594303,-13.8779105242981,-13.3959801254928,-13.4237632775974,-13.701019674363,-13.8037247306043,-14.8192805653341,-14.8529313189592,-15.8066667574758,-13.1142740700089,-13.3658427475735,-14.0481634920968,-14.5865884232923,-14.1710167371748,-14.2756207863037,-14.28672978643,-14.4541650562651
-14.2249864657002,-13.6352082699602,-14.536138508377,-14.2420267939078,-15.3762407292561,-15.1329695664487,-15.6965021224407,-14.2085938930032,-13.1031999709409,-13.1716980783537,-14.6020046647072,-15.458899359199,-14.2365332374528,-14.6252791230698,-13.5583231753523,-16.510516805267,-14.7379501615667,-15.0738250682473,-14.3411269622149,-14.6238419070116,-12.2302916447327,-9.58939099259467,-8.94696891402129,-8.69651481992631,-8.96417063333828,-9.49663350800037,-9.93802623578013,-10.6185844630902,-12.2525085496653,-11.7570798744885,-11.195071680409,-11.758098197225,-12.8924357449498,-14.2405741165741,-15.7687802819972,-14.4940365740785,-12.9758444505306,-18.0722044683385,-13.9769169059372,-13.751832510288,-15.7953116970484,-14.8830210729923,-12.8304193222924,-13.6559688433863,-14.7443276143184,-14.2689253893591,-16.1480961878187,-13.7192253581566,-13.9264720880232
-13.6258170199178,-14.5270655550518,-14.4395328546888,-14.8251407619799,-15.9317960175461,-15.78693324836,-15.4156729334586,-13.537735830104,-15.1949055879993,-13.9624334513311,-13.3944164906105,-15.2303929540885,-14.9398966650688,-13.6798511751549,-13.0090411847961,-15.3847499127076,-14.0678577398802,-14.3122635695838,-14.0320007962917,-14.1641238268551,-10.1124128786415,-8.47564265324512,-8.41754964486263,-8.70140408282921,-10.1585685631905,-11.2330366867984,-12.0416494741799,-13.326351961767,-12.7970959428603,-13.8139670646203,-12.6862118356766,-11.3673913085137,-13.3227750445993,-14.8427773736416,-15.0162854312422,-15.7291714340958,-13.8999549625794,-14.254594981673,-13.4204840284998,-14.0384326631432,-15.0390034936888,-13.7377004412866,-15.0917284122467,-15.0565017201994,-14.6667717943465,-14.7572129953393,-14.3908274163686,-14.1168085802071,-15.3993863723691
-13.9628872567995,-14.5346864841044,-13.5993248311057,-14.5427463582864,-14.7944488517914,-14.9935924880092,-15.6106690695276,-14.1136766330973,-14.1899408837174,-16.4558282419656,-14.5702702603982,-15.7838491549254,-15.4128298530667,-15.8503403285443,-13.6790276471924,-14.0573962767122,-16.7387308107957,-15.3965412891914,-14.1070959648277,-15.2237273630814,-10.9902125494679,-11.9507706902789,-12.7103545666186,-13.61757751132,-13.7889185245067,-11.6999821366851,-10.6958123740665,-9.62934845605547,-9.15489567545391,-9.39338681088206,-9.95741517674614,-11.6855935867814,-13.9209345404529,-13.8764460782433,-13.4882016594085,-15.1307380683726,-15.0845817977811,-14.8771862762477,-13.3748798207608,-14.5322423454326,-14.5920408219928,-14.6740591128201,-15.2704178187783,-15.7764813473453,-15.2410506685938,-15.8957379846663,-14.0378456236287,-14.2909877919831,-15.3157839990854
-13.9521275689079,-13.8433624603095,-16.0688711644285,-14.7545476961884,-15.4978069567356,-14.4750722962377,-15.6860963182149,-14.6898735431168,-14.4720580373583,-14.7613508811836,-13.3461345856735,-15.6085829526369,-14.2639758014734,-15.3680635464981,-14.5524575820443,-15.6344885322293,-13.9468966428301,-15.343261496315,-15.5729817654942,-15.3114100931082,-13.3621040665682,-11.6316469949598,-9.80553447206815,-7.84080246013128,-6.27253344020331,-6.80884590559744,-7.37957224647179,-8.43440977670727,-8.77862830206556,-9.91195540350828,-10.3905672136818,-10.8440102139224,-12.5619377015377,-14.4880750789517,-13.8567442138364,-14.3185488336317,-15.3629885894924,-14.7809445465957,-14.3398376816742,-14.9656049696137,-15.0966811307307,-15.4158610988161,-15.2634012800462,-16.0535539725199,-14.4531778086754,-15.1805487985062,-15.2994185803631,-14.5428389728428,-15.0427773514866
-14.2661775317447,-15.1253853422334,-16.2046614980682,-15.8757694514281,-16.4641002604525,-14.8969252057566,-14.7265750195006,-14.3850002706896,-14.1296796108441,-14.6265845118867,-15.0403480386512,-15.2240963577426,-15.4563472791367,-14.3033322774276,-14.0549327627295,-15.0840120841509,-15.4957846093674,-14.8643753593459,-14.8270610843277,-14.6246616050429,-14.2929692942244,-10.5277272405781,-8.60700369053454,-7.10957094333916,-6.4985979430699,-8.20939810339464,-9.47029130996455,-10.7294330314292,-9.02252103492295,-8.79428974568533,-8.95642257080882,-10.3745683871034,-11.0929081327645,-14.6507222492339,-15.5675899620205,-14.9583000177607,-14.8722710831055,-14.5481804068071,-14.5191861626785,-15.0663305524568,-14.4757746539441,-15.1600071791835,-15.4307837582423,-13.8980449064246,-15.2693401112358,-15.7194284741794,-14.9355106012807,-13.8173945978163,-15.3308436739174
-13.9015287283835,-15.0076671967944,-15.0898451878469,-15.3001184453124,-16.2262618500658,-14.7223032958475,-15.1663261729215,-14.9686824824397,-14.876390830234,-15.0393542535627,-15.7455060191428,-15.3793901147346,-15.1087442624898,-14.7635509144743,-15.1536870677207,-15.18935196613,-14.0466347014553,-15.587963737473,-15.3407448556853,-14.5772496715762,-14.4576659716009,-12.9177514639528,-13.5495414403314,-14.0648235177016,-11.0815177517248,-8.18659331482747,-6.27538211192106,-6.1184069711061,-7.17575452394772,-8.61958393424684,-9.36390947435277,-9.28399711366361,-10.7378056116162,-13.6675435654865,-16.1167139161922,-15.0138983180056,-14.5707595750144,-15.2080428622882,-14.5431316135792,-15.6971250840512,-14.5041969105357,-16.168956729582,-14.3470937651362,-14.8074859928522,-16.8836753022613,-15.8148335740738,-15.0488567286595,-15.7916454934338,-15.6264932825341
-12.7295930646357,-14.2617724884201,-15.1872226547876,-15.0242126759558,-13.4797900308797,-15.3915076868555,-15.8961929738618,-15.0566755158167,-14.9182732422648,-13.5699405194546,-14.675621297422,-15.396101627152,-16.2976894859301,-14.7832496741166,-15.5315105184258,-15.2357587483474,-13.6842709236689,-14.0622778676446,-14.9967250045228,-14.7454781784213,-14.0606731725901,-13.8465145436531,-11.9002717647994,-9.97470379198454,-8.00758358943333,-6.23860321458473,-4.95470518497411,-6.48021405755192,-8.16034427584645,-6.17856158575578,-5.88305151823406,-7.84267289759676,-11.2006127553533,-13.2386768243916,-14.8028933576854,-15.3532405741271,-14.297930658331,-15.3554186515071,-14.145977181301,-15.8421542860924,-14.7795044853844,-15.7768316662252,-13.8291206576779,-15.2620751155678,-14.1232121680368,-13.9657690593571,-16.1318204257738,-14.0475252352536,-15.120491654874
-12.5244092223754,-13.2676412847184,-14.8204687731653,-15.6557520581048,-14.322886164412,-14.3209495216928,-15.0622325462504,-15.1214233603318,-15.4766343378755,-14.2316424582097,-14.5631268139359,-14.3135098569996,-15.5172684398534,-14.8887709733831,-15.1071614789112,-14.7730656717251,-14.5642796156545,-14.5209295183746,-15.2321363202261,-13.7458554362296,-14.3382675032162,-11.2026758019951,-9.97173174525904,-9.43817846072558,-9.97442843432932,-9.32682554030901,-8.1880668590342,-5.72050295244602,-4.32079466175748,-4.3516651820518,-5.18596666880659,-7.31133776109679,-10.1649293630033,-12.7524254981143,-13.6080189305901,-14.5160346404338,-14.1936540241647,-14.7845123607744,-14.1655920910373,-14.9723099370309,-15.6184519149163,-15.2323998143744,-13.7855682686235,-13.5379543978879,-13.8790339630771,-14.982582661493,-15.0567041088542,-14.1736123449343,-15.1315623611941
-13.509759756057,-15.0528057828922,-14.9048167703077,-15.7899703107635,-14.4831065158236,-14.9947135069759,-14.7577312346226,-15.6906864678036,-15.7672332727826,-13.9366980021666,-13.8235251452712,-15.1575778220893,-14.7817158652296,-15.7079423681962,-13.9197102251406,-14.4783376260907,-15.0510462069862,-15.4489742321305,-15.0023260192885,-14.4959593094558,-14.9386040433917,-12.800906817265,-13.6011494069574,-13.6622685138325,-10.3293646493159,-8.52813283520338,-7.81612491795325,-5.98565341011832,-5.81458280171904,-8.00563848971958,-8.23936228845306,-9.08620698018352,-10.8404561960182,-13.6195362345048,-14.57015543043,-15.9218708822508,-13.9878114944652,-14.339141930792,-14.9724968978325,-14.5188747616278,-15.1396047543855,-14.8937065978593,-13.8276587037814,-14.5373280755855,-13.6734422830528,-14.9927325035611,-14.3391882841925,-15.6358461635154,-15.5366280752862
-14.4572043535374,-15.6838493701983,-14.4143429636001,-14.3153176810718,-14.3894308398191,-14.2930415102067,-13.5234690398848,-15.3945099547646,-14.2757370793412,-13.4253092358583,-15.8350372483163,-16.8520497813496,-15.8532488305792,-15.7749235244411,-14.0951029891868,-13.9028202114375,-15.0990574722074,-16.175577399038,-15.4833959748421,-13.5089773581751,-15.2882743096245,-14.1273327406391,-12.257259557028,-12.4029787543773,-11.3223236264389,-11.024954424188,-10.7438999706613,-8.95355309890119,-8.50235146264825,-8.98819554262668,-9.30847151718196,-10.0349240848269,-12.3108927953312,-13.8574526615162,-14.0053802075266,-14.4043805743083,-13.8721562184055,-14.4774458614708,-15.2916496559172,-14.9728457983774,-15.7063440099118,-14.340508057979,-14.4010350384921,-14.1967321684153,-14.2230632102328,-14.1496644093737,-13.4157614647646,-14.4498184613138,-14.3545535299508
-14.4036479942199,-14.6795401275392,-13.9842975024642,-15.086506670073,-14.442067153162,-14.7960490845239,-14.5879844437964,-15.4063958277105,-13.6167122359888,-14.650110121195,-15.4032988740819,-16.0438793827202,-15.3792458341416,-16.0740012548472,-15.7373302961145,-14.6882924126886,-15.2416379336505,-15.71074914413,-14.9970051522613,-13.7130121904553,-13.9320194155263,-13.5072390477392,-13.1663334274755,-12.9794383360342,-10.8196271909839,-9.9669187988393,-9.26678692225134,-9.25813116784619,-9.67344241325103,-8.79176440288495,-8.75326246862243,-10.1898565962285,-11.5740175064592,-13.327994354135,-13.9285060897094,-14.3749773300297,-13.8988115429597,-14.2969945292299,-14.5165458866006,-13.4384187895245,-15.7397650977517,-14.3580210062321,-14.7645014669631,-15.261960240299,-13.7561640883108,-14.9322141846937,-13.8677057088816,-15.1223169199109,-15.166600021429
-13.3166641157671,-14.4454995319458,-14.1569608653357,-15.9586129054467,-14.8052234826497,-14.8627646788451,-14.0486518183585,-15.1237961380094,-14.0342326597818,-14.5301861739537,-13.8879967691582,-15.5149943395045,-15.4349330206059,-15.9690732217266,-15.3279082768389,-14.354000247075,-15.5786312899168,-15.3175640657863,-15.55593260611,-14.4989115316118,-14.3645501345062,-14.087387251905,-12.6124104750013,-11.7044731772466,-11.5392622198313,-10.8702468233508,-9.23116054679899,-8.55047828714413,-9.39429212199148,-8.91727761334208,-8.95690485792462,-10.1357581924898,-11.9770138021062,-14.0345880904645,-13.4923989132344,-13.7213560066324,-15.0043975828082,-14.3813206157694,-13.853173203942,-13.685954736407,-15.4587110706288,-14.1284376552451,-14.0941457599443,-14.9598968741798,-14.9353960869635,-15.0795986771,-14.3257622117809,-14.5952793242264,-15.9028134419641
-11.5051772075367,-15.044477509705,-13.8460925688084,-15.0539716309816,-14.9247666892348,-13.7008894442438,-14.5407838818224,-14.9453372954405,-14.7728671698092,-14.043228022577,-13.7093763367884,-15.9335533706479,-15.4479365967281,-13.4527130635672,-14.6565702903684,-13.7668890462404,-14.7596570349368,-14.894938453708,-14.907085477201,-13.2788208002111,-14.2853255909838,-14.6918177738504,-13.008802446159,-13.1328484679203,-10.1351424692101,-9.85746707932548,-9.19240290691906,-9.64086189530257,-8.55310098464374,-8.01096116405977,-8.69639518927714,-10.3381176729947,-11.677967259128,-13.1964547676219,-13.3684582073457,-12.7561053661407,-14.9122372771183,-14.4956779226412,-13.721778026805,-14.170720648764,-15.0672169140616,-14.057741828652,-13.5932010530025,-14.7495077190825,-14.3899477465476,-13.528878097294,-15.3251469597308,-14.4567927105408,-14.1589765724266
-10.7696843275385,-15.7125185839526,-13.2492036244463,-14.038516202664,-14.6659605346785,-13.7929910098801,-14.5644728832479,-14.7156732872847,-13.5957636704675,-14.0919136397979,-13.2346708570518,-13.7993622946975,-14.9835543334108,-13.9843177682713,-13.9785354854289,-13.7983325631474,-14.797437487651,-14.3089725029386,-14.5316731624135,-13.7304591400997,-14.1167068653807,-14.0058682377931,-13.1438633544805,-12.0464575303116,-10.823571048899,-10.5538453143246,-9.42594246998054,-9.21531285725897,-9.10573364638108,-8.8471296484984,-9.28456446208621,-10.6531726572151,-11.6681849927069,-13.5375662354471,-13.7873118888301,-13.470268391238,-15.0552684792018,-14.8865594606699,-14.285335183401,-14.3479295179751,-14.6828131077095,-13.6522801563325,-13.8070643368727,-13.5697599160067,-13.6832925245803,-13.2576911300743,-14.6084601375579,-13.4947075745217,-13.8917255645778
-12.5535137436336,-15.8043918632751,-14.2923058076149,-14.5112724968155,-14.6575642453004,-13.5355388709947,-14.9234455539068,-14.2871136087862,-13.5113573195208,-15.6130316388613,-13.3622478342237,-13.5629216729258,-14.7227601973559,-13.5784178132922,-13.4208445453575,-15.6064045147605,-14.1797911641605,-13.9701744419462,-14.3317206823475,-14.1657810049898,-13.3930363929211,-13.2780107057664,-13.8879745627047,-12.1442290251115,-10.6148547753958,-10.5784722391369,-9.12058641164962,-8.37014785892531,-9.18467969428978,-8.41990466173543,-8.97563994990048,-10.1831776159743,-11.766381636229,-12.7881180865008,-15.4011060599745,-14.4952845967768,-13.8870297096156,-14.4001989397251,-13.8049982932816,-12.8673118395431,-13.5406918069868,-14.0597906256731,-13.315687998,-14.0783374965989,-13.3370588858822,-14.0454196976888,-13.7548476941362,-13.6254532228609,-14.3181360994023
-13.7447248169696,-13.9855861036353,-13.9806390987069,-14.2650584900282,-15.0603318715563,-13.5782917544679,-14.8057447756986,-13.4112517319258,-13.829166656143,-13.6926352088723,-14.098138698195,-13.4566078350315,-14.7211179631487,-13.9146815767166,-13.3561402757819,-14.2151962575871,-14.1770330449208,-13.7872100156152,-13.7545143204509,-13.1593447367206,-14.6623968064363,-13.5174349955133,-12.7889997513762,-11.901217705371,-10.2821929186866,-9.15367727224946,-8.39670183737771,-8.27034763445038,-7.64024036364071,-7.53600397337465,-7.83800784605985,-8.58752449226351,-11.4725169008579,-13.1216407758533,-14.805111030475,-13.7265241769365,-14.2571117402338,-14.055283440001,-13.7601988882563,-13.4471001141994,-13.4222872894735,-12.8290311811123,-13.5737800942644,-13.6113242105519,-13.1311885964005,-13.3016015924124,-13.5784424915833,-14.3957692446049,-12.8567505603464
-11.8226061588089,-13.9281519489328,-13.9341420207781,-13.3895732649453,-14.9701714356964,-13.6537250471472,-13.1442102261811,-14.1785881831105,-13.1774747682565,-13.5812075938388,-14.4126812086244,-13.309646326803,-13.7760424579319,-13.8774148516277,-13.9627830468334,-14.2300837886647,-13.7298667891163,-14.0631686084861,-16.23861664079,-13.2507898795646,-14.1884643257807,-13.8965690738655,-13.0896173892043,-11.550644686611,-10.2151260423613,-9.81908006439052,-8.60946973245149,-7.5502011230214,-7.25521785730892,-5.86072715992891,-6.35157677000088,-7.59878578019254,-10.3999481678755,-11.2621100580148,-13.1223120423954,-13.8785756301848,-13.0633632570443,-13.1750921759331,-12.6115123812375,-12.8127869795392,-12.0572101331524,-11.6951980034042,-12.7441527350183,-13.2059251677396,-12.2222059756552,-12.8939293514967,-13.4004032160366,-14.1452260142915,-14.7045342693128
-11.1569820464828,-13.8906254009737,-12.871901345193,-14.6846890496038,-14.6929262385404,-13.0687865237188,-13.4341330728256,-13.8381595320588,-13.5949052049084,-13.3094861184853,-14.3083843678232,-13.2571939454707,-13.2729208186489,-14.0399450781204,-14.7567236412197,-14.3563292903097,-13.756238858998,-13.8877712225359,-14.2934156667797,-12.9085693186046,-13.2228703412492,-13.6162646115427,-12.4709485219557,-10.9449143956554,-9.66918274075712,-8.37866299681295,-6.90633203625956,-5.68586935293593,-4.30926540633798,-4.55943193832407,-6.12799407921871,-7.74473763265496,-10.5726819326487,-11.6385946867689,-11.8657623384578,-13.1528308527892,-12.2913488307598,-13.4695969516721,-12.8758275756528,-12.1706799985516,-11.6901689960342,-12.0943141021024,-12.2041053575899,-12.9033385126635,-12.7465402715685,-12.954536585738,-12.5956060400734,-13.9163847194527,-14.4681464174769
-10.6144895507815,-12.8001752665002,-12.9599814165892,-15.2138472340318,-13.4780761900941,-13.3699660510232,-13.1502546739215,-13.9990612082841,-12.8114797796741,-12.5227980527189,-14.051504154209,-13.0386865845366,-13.9551738750869,-13.3359994681317,-14.1433678084813,-12.9486587484296,-14.3361644755726,-14.685106668489,-13.9847043656942,-12.5025929333574,-13.2380505999149,-13.0861314027568,-11.9032722354516,-10.6777172782927,-8.85205544584694,-7.52173854521799,-5.61580092111527,-4.74843136088483,-4.9242973181981,-6.60660662217345,-7.89652969964267,-9.77420826160194,-11.6168272912154,-12.4604676802446,-13.1090359112313,-13.2851810944719,-13.0844727661173,-12.7248079986901,-13.3047645805498,-12.8842194349995,-12.6530773368065,-13.5805957120423,-12.7658956629677,-12.2733197842445,-12.8130491455605,-13.2808210266149,-12.7527309758085,-13.1964965515637,-13.8482150838306
-11.2889726393117,-12.5154638119611,-14.2220925973055,-13.4415343979498,-13.2862747725802,-13.6049248935695,-13.8001305805896,-13.8588004373994,-13.0096946755623,-13.1781816076262,-13.2535625628301,-14.6345392520927,-14.1551747542397,-13.7241846460568,-13.717575452305,-13.5919208100139,-14.3726832417057,-14.4800151306293,-13.9903545872798,-12.5096660064453,-13.8550718690201,-12.8221441672418,-11.4558800956523,-9.78691881652136,-7.74812660533141,-5.62905248660718,-4.47056131137501,-4.98044380178712,-7.00069644798216,-7.54202963675358,-9.23306811698692,-11.4360823031186,-11.9379479244368,-12.9676701472748,-13.1203859207117,-12.8961544094417,-13.4710911993458,-12.3763714111253,-12.1361253178226,-13.3335729729784,-12.7387133904885,-13.2065724016448,-14.5094215507886,-12.7842509461602,-13.7141377486049,-13.145734551849,-13.3425363732511,-14.3358421961934,-14.5536052389487
-10.8699223225448,-13.7682094901666,-13.1052887475786,-13.4849734697925,-13.2254136189273,-13.2223854215309,-13.8368765142061,-14.5267795169083,-12.7313592618155,-12.7262387628189,-13.390280335623,-15.2998894216195,-13.9800324417002,-13.9511211523831,-13.551932227502,-13.0142364068633,-13.2802912072822,-13.470744794919,-14.0714879016518,-12.0924861211346,-13.2363191046576,-11.0974193699262,-9.00601250702474,-7.02905985160135,-4.72657752044212,-4.0953018525745,-4.27550546860737,-5.33978859867236,-6.85311552562835,-7.5913453498374,-9.07092139708923,-10.8913813113648,-12.1030729402968,-13.7537731068095,-13.889998976474,-12.0407181139659,-12.8488059257846,-11.281638986474,-11.0661169504984,-12.449687879428,-12.4444185661737,-11.5956642794682,-13.5290747444221,-12.8420692225839,-12.494861146539,-13.7844099042935,-13.5075403855595,-14.2683290224598,-14.1251902867412
-11.0439736679626,-13.5296895636046,-13.22097524684,-13.5250816712425,-12.9058508945759,-13.5850054958635,-13.8930708495463,-13.3802304102143,-12.1201037388145,-12.8634829381622,-14.269509463596,-14.5079464684756,-13.455590231599,-13.35968651975,-13.413279887956,-13.5818584117318,-13.8486062190506,-13.581771877079,-13.1249471468677,-11.8301642332037,-12.8226873415639,-9.12686747752408,-6.57600597214254,-4.71118517950199,-2.86770682717302,-3.507223938137,-4.52425071062112,-5.22227240134898,-6.45883328936301,-7.06924483275221,-8.22492971891602,-9.66469142932649,-11.6341785192857,-12.888569408333,-12.299264431547,-11.898104640393,-11.2648156609268,-10.9014167499062,-11.1371871791194,-11.6919061656557,-12.0278251846242,-10.4203108456721,-12.4429132893091,-12.5255442275731,-11.7090361280798,-12.2791667933485,-12.8184257289883,-13.2530980466689,-13.853300699378
-11.5372011650387,-13.338737816446,-13.5546861023124,-12.9923623329179,-12.583744298865,-13.7362040655779,-13.3864356118285,-13.7570607323207,-12.280931422832,-12.5557734822736,-12.9447109352687,-12.7655342954316,-13.3851678116252,-13.6852165161697,-13.6300368279914,-13.1591647182659,-14.063791403968,-13.1755334103844,-12.4868950864011,-11.7871234792367,-11.7044657706476,-6.06622009513185,-4.513908662071,-3.61666640075052,-3.07666525750586,-3.42024957171029,-4.3745265003579,-4.25421214606034,-4.51773303735531,-5.11317987098348,-5.59795718410371,-8.16360812812266,-10.4696272602186,-11.4666788168769,-11.6426740244494,-11.1899795080514,-11.2205933898946,-10.7188946252407,-11.7442373083639,-11.3886409266296,-11.1834303158363,-10.3559783220751,-11.1213341868043,-11.2027208511002,-11.3633297464134,-11.2990475714681,-11.7600560309133,-13.1724893823361,-13.1320671815339
-11.6002285921814,-12.7247337199156,-13.131418625124,-13.3647022479028,-12.4786352906147,-13.5558274113212,-12.7613150634854,-13.3246909869188,-12.6093706295933,-12.3435642310502,-13.0699443128488,-12.2741493504313,-13.6985672167526,-12.8144677563222,-14.0459394259027,-13.3760424425678,-13.763164175127,-13.6962358312268,-12.309369192239,-11.2891121733679,-11.1898202704265,-5.54934769001471,-3.93555963344695,-3.50969829404047,-2.57139892993129,-2.44128419454755,-2.24290513333742,-2.66253259747396,-2.91468951100941,-3.4631612152492,-3.97005714067733,-5.82420896153348,-8.52445507073946,-9.41210931452638,-9.60042765430316,-10.2382642017256,-9.78483906000844,-9.79366419939831,-9.36188043077286,-9.96331558580337,-9.6479859146726,-8.78240861626961,-10.0721932461416,-8.86478765788671,-8.80031071771218,-10.0232164006553,-10.5809950459758,-11.698253954944,-12.6080479017868
-10.0376486621986,-12.2488621260594,-13.1274439793517,-12.9831603807883,-12.3976498167709,-13.4610421155977,-13.0443983227057,-12.4404553557506,-10.8516798750296,-10.8780949406255,-12.900742040029,-12.3207956891944,-13.1218311986126,-12.7120044964055,-12.3605764828895,-13.0774069158121,-13.2320458841507,-13.0588354313432,-13.282644017791,-11.2762941830152,-10.8694373809325,-6.50553396786925,-4.3132159077263,-3.16125629886379,-2.27245767003051,-2.30958008795154,-2.5478164234226,-3.11085544629639,-4.3416598326908,-4.75944001829043,-6.23896493728913,-7.48459107285926,-9.34586852561846,-9.17947116367338,-8.6881383945441,-9.68241619783819,-8.26449771277279,-8.5535489235249,-8.67502541965709,-8.88307515986424,-9.21933568842813,-8.7784996375072,-9.30151666707398,-8.72642955475593,-8.86508267167117,-9.16480611397287,-10.1203793705217,-11.4273922291624,-13.017781155546
-10.165499800028,-12.6800939810147,-12.9758794690256,-13.5776682053216,-12.8484040198801,-13.0010773152915,-12.5344379905073,-13.1078506947849,-11.2001703054558,-12.112731583643,-13.4756855412581,-13.9405829906461,-13.3646271432421,-13.2556169197041,-13.0471844757277,-13.2545849222803,-12.52316299605,-12.6196626431757,-12.4859603752443,-12.2813857705722,-11.2018208988816,-6.4432817074719,-4.27543999841461,-3.51407073429537,-2.79767462431413,-2.98260022738768,-3.59243800566041,-4.12569055885937,-5.06220467046647,-5.72274995248199,-6.89933012725018,-9.11291989734174,-11.681106465309,-10.0095500355223,-9.06135724313628,-9.25947423273827,-8.36031517740611,-8.20165241049817,-7.9514009138335,-8.58071492887796,-8.65429799871929,-8.12595516252608,-7.9847914905258,-8.15597258183045,-8.73306252378926,-8.75973456179541,-9.3515308856721,-11.4476580874918,-12.2952127208044
-10.0579254806454,-11.834750534504,-13.3391422807197,-13.2403518436425,-12.4617616593394,-12.4677044761612,-13.1154997585661,-13.0160465147337,-12.0050762539288,-12.7437086957239,-11.7593130134339,-13.2635749535904,-13.2030054609904,-12.9961460538152,-13.2449437755211,-13.1876010896499,-13.0476020603017,-12.9863841410014,-12.6651267558982,-12.1683348878363,-11.4080218163343,-6.88026584492771,-4.60222980655279,-3.70496071252555,-2.740751145947,-2.87075713989568,-3.71409252247356,-3.82159299649755,-4.73275511782223,-5.72595494777269,-6.68016121277243,-9.48033272072012,-10.5545360504197,-10.0402591582019,-8.94836155403625,-8.80409911046496,-8.0449959878375,-7.66285487925812,-7.84718715990526,-8.45367165407389,-8.18611726234934,-7.75542322221015,-6.81592199131164,-7.33248306509917,-7.84288310498984,-7.93808906020121,-7.75480698914012,-9.53071150368441,-11.0148326708217
-10.9120686293116,-12.5915675928757,-13.2259720691715,-13.0131789594256,-13.2865239834466,-12.6049382166535,-12.6445987934534,-13.1673156691532,-12.3674305709826,-12.9440688412061,-12.172621064539,-12.8000834786672,-13.4996220484807,-12.6187572895993,-12.7234319475595,-12.8285654703034,-12.8599252019946,-12.3108162707055,-13.3253410311064,-12.3380978972644,-11.8003084820035,-7.03422327934205,-4.6551459228913,-3.82408052399813,-2.92163963858127,-3.14131541223265,-3.42828126007356,-3.89723179646446,-4.93334505432972,-5.54189443324762,-7.19389302431683,-8.64246191315267,-9.95343871867274,-7.97123482617268,-7.57652090177384,-7.68173682480096,-7.09583389956248,-6.6011720011557,-6.30324552417793,-6.1565111825233,-6.40768243144799,-7.23170422553123,-5.91273465877516,-6.51006091291578,-5.74539428921638,-5.72654567346036,-6.27315528903537,-8.64291381284434,-10.5859060874921
-11.257620452605,-12.2006220877213,-13.0036880102244,-13.0974885518699,-11.920145293225,-13.0527988468494,-12.6158102769498,-13.1375320457008,-12.0798432590508,-12.1423048016778,-12.9449270084491,-13.5571978227468,-13.4902960543482,-12.4501417968115,-12.8718851042242,-12.9773412422162,-13.1237642450346,-12.3059604184397,-12.8224829881157,-12.7339802449009,-12.2386748695222,-8.74200824624456,-6.74939129363294,-5.75594246027838,-4.93526312342129,-4.99020043643722,-5.47026496894558,-5.85430536816393,-6.86200493926388,-7.95752522685109,-8.22363377566496,-10.8625255991204,-11.8937616840247,-8.74396328469613,-7.40968252054668,-7.41327379724341,-6.20301029079476,-6.39571567288401,-5.27350098627244,-5.51670639953448,-4.99760795708081,-4.96600166216303,-4.92036978119756,-5.88631464313581,-5.19661710454391,-4.97077533563793,-7.7732229439292,-9.96495300272515,-11.3334711439586
-11.6528026817095,-12.9832075177579,-13.1116350751245,-13.1452053017063,-13.2927646056417,-13.5241116219876,-13.4385676978058,-13.191100352381,-12.9642376371434,-12.1872930462352,-13.3126818974369,-13.9098439839327,-13.1874755191156,-12.8688727402747,-12.8679278213639,-13.2402128885607,-13.5228369939339,-13.6062981335645,-12.9833727293081,-13.2254546690912,-13.1625012636016,-10.5014246239885,-8.01631593144709,-6.70257604254007,-5.65522974631233,-5.65873174615294,-5.98722842356305,-5.49299076997274,-5.74005444484715,-5.8588585275638,-6.28394683782002,-7.91386352522531,-11.2451634208947,-8.89769143539305,-6.73755158034813,-7.21831320388407,-5.60126039126461,-6.52337947746715,-6.11688854553679,-6.1971765915435,-5.6399288895448,-5.68164353848386,-6.23405280720947,-6.41554175728943,-5.73661861569452,-6.74200795746094,-6.55631504494172,-11.2095232262273,-12.650051326597
-11.9803002901367,-13.2869385805342,-13.1755396177881,-14.110254122012,-12.8844976484274,-13.0748037144364,-13.4308161519295,-13.150743003644,-12.8500055291808,-13.1156001429457,-12.8883387976998,-13.6185424804413,-13.3773733037743,-13.1357880165879,-13.5065531592923,-13.6140932528208,-13.2235390892801,-13.3375166087131,-13.6138009258556,-13.1357629459134,-12.7189605295929,-9.59577175442004,-7.01342342588247,-6.0339446404752,-4.90409563543347,-5.27299287291192,-5.17359337728115,-4.58491344443308,-5.39934336307942,-5.5314193337209,-5.43455925187403,-7.27350842432431,-9.60976247240991,-8.75872941566225,-6.10287948947798,-5.64442813896422,-4.81395132833547,-4.5217296771661,-5.51357334848641,-5.96218827853683,-5.09466659150076,-5.85223459915449,-6.40289272524573,-5.60483928847906,-6.28356514609323,-7.35175875860944,-7.31459621582018,-11.0826973796614,-12.8831888016814
-11.1048100865682,-13.8740648387899,-13.4642458771319,-13.9110125308648,-13.1775593722502,-13.28524685288,-13.2758169332709,-13.2573436596344,-12.7386190150425,-13.0863616050751,-13.4433715585278,-13.3294072481199,-13.2954999197493,-13.799356791991,-13.5638956719355,-13.5380650017513,-13.9824346226701,-13.476483889982,-13.6091305200332,-12.7016443177149,-13.5103893902369,-12.3288726964659,-9.80086752576308,-8.19946535356752,-6.8820146038944,-6.45830366087075,-5.63526382228314,-5.26544665063771,-6.18585478198889,-6.58748464117303,-6.70941350924514,-8.2365652999848,-10.7000680527198,-7.44040195584922,-6.57748883737782,-5.90239707061922,-5.47797588770841,-4.95690413281709,-6.54208478725941,-6.69787961803258,-6.72034051361771,-6.92817729279944,-7.19548122758351,-6.57443404931753,-7.2461803833027,-8.07803728142652,-9.68197909490977,-12.328599519907,-13.3194743066175
-11.8108346868161,-13.9677963205167,-13.4427367817763,-14.0955488144915,-13.6478341087249,-13.5256794140114,-13.8078722125603,-13.8127403379431,-13.1461728467158,-13.385576195987,-13.2937540991582,-14.1791250982148,-13.6218852480516,-13.9777698112422,-13.5559318361115,-14.1028660653095,-13.9406609215483,-14.1038005341672,-14.054871729818,-13.1094525914688,-14.1157391274478,-13.8449825045429,-11.8204473607004,-11.5086986536668,-10.4475351568934,-9.33391057861234,-8.45486407307376,-7.44363878095777,-8.19022968611358,-8.34958571275643,-9.24856080011235,-11.7559935563905,-13.1809682702313,-8.74233439809581,-6.9828152152379,-7.06010487502809,-6.95625780586637,-7.38195909115307,-7.7350431496533,-8.29128875929673,-7.91187049212681,-8.65349384680512,-8.72033559535628,-8.46810634069375,-9.53478434005909,-9.8418035429274,-11.1745733227223,-13.0857014877642,-14.4209892675747
-12.8422293535593,-13.9794719558667,-13.3638123895195,-14.2202436466418,-14.1697027064411,-15.1205449764652,-13.5344499012394,-14.0515037461586,-13.339364239223,-13.5582995790541,-14.0177277197887,-14.14421800567,-13.6984739167539,-14.5889392402337,-13.1630929168748,-13.8563938176752,-14.3015032213611,-13.4963507715114,-14.6727589633927,-13.6865343546429,-13.7912002801335,-14.5076384859288,-12.2820772363192,-11.1760268635746,-11.1905097827297,-11.796226844616,-11.4580938709176,-10.1892793076927,-10.8636167618654,-10.9190007344381,-10.6642849598333,-12.7451364132823,-13.7359217888726,-10.3403006165174,-9.23961849853517,-8.25505233022275,-7.9881651342252,-8.87672176222071,-8.754915820965,-8.63863808022035,-8.30974066953497,-8.14546186345287,-8.85704270449406,-9.47983635536309,-10.6012742294671,-10.2069812990551,-11.5559239927298,-12.9682405355176,-13.9901809586141
-13.3506315906461,-14.3857543174564,-14.4545540890398,-14.7527491170564,-14.4386106179571,-14.3128320058589,-14.0087988417614,-13.9470271069042,-13.8713902962151,-13.5349902043523,-14.6671279462266,-14.6798449166435,-14.1753306070873,-15.1095479995436,-13.8208105174549,-14.4505530229746,-14.8214153276414,-14.378680853855,-14.3973575835213,-14.2592657398109,-14.2111356353973,-13.3064103964412,-13.2585641685047,-12.5857229259058,-12.4625933670459,-13.3116040256799,-12.7606730029015,-13.3553688493916,-13.558664893681,-13.5007557040252,-12.6906888143625,-14.3818580595617,-13.9641662743973,-11.0521498533873,-9.11579917406378,-9.363649293538,-8.55660229397933,-8.83564366400167,-9.02050423094987,-8.74833561166125,-8.85242640365382,-8.70300737695575,-9.28750663116919,-10.2739486685823,-11.0901939680598,-10.7036232400954,-12.4496110655345,-14.4434742016532,-14.4761833747349
-14.4041045864554,-14.5628737089172,-14.6411856673831,-16.0391562125534,-15.2637765901743,-14.3956619790947,-14.9314371524126,-14.8374197040786,-14.5266642169273,-14.9143248800688,-14.7966530985777,-14.9155500673352,-15.1029451391999,-14.9750241611904,-14.8608762102955,-15.6505313390922,-14.6361207825862,-14.6845542559148,-15.02494814945,-14.9187616643829,-14.8411778647032,-14.2999327075658,-13.1999861990584,-12.530738521066,-13.2152188983407,-13.5361403635359,-13.550231276792,-13.8034242431255,-14.4599272984377,-14.334058725058,-14.6324189265069,-15.1422988120314,-15.1850524524818,-12.1138750004445,-10.2395825059841,-9.16972617946966,-9.50783109403422,-9.0592856422949,-9.37007167887802,-9.23830253003085,-9.72055030730634,-9.81308608322333,-10.525966534329,-10.9166734238561,-11.7178242260684,-12.1172079787343,-13.6959008841035,-15.1824655476388,-14.4487416934501
-16.0956744889722,-16.3109126125129,-16.3154658802784,-16.918216648264,-16.3962170935778,-16.260521688891,-16.6486360202172,-16.1964873482292,-16.0768384621201,-16.4267957863813,-16.6437349690578,-16.553827200914,-17.2431196151454,-16.7367776532879,-17.0323163855437,-16.7719674822602,-16.0714938123746,-16.1993836564057,-16.853890505901,-16.5283041941032,-16.1843151018308,-15.8968182067224,-14.4700828177327,-13.3909000481202,-13.434537342744,-14.4036838039583,-14.6492271498095,-15.3678856760464,-15.1758165093665,-15.5374834178139,-16.2066389944202,-16.4571826463845,-16.7479488354567,-14.2611490731659,-11.9202844588069,-11.4341682831499,-10.7941694805609,-11.3989329590905,-11.4548186167911,-10.5826064435424,-11.242221635687,-12.0796296885916,-13.0840985075932,-13.0641861720106,-13.5199247111029,-14.8036843626435,-15.8757302313982,-17.0439896606337,-15.9824388762074
