-78.3234339121839,-3.236893163842,-3.68945026027823,5.28508745080939,-0.773202946429031,2.77118823611058,-0.291080799066408,1.90581046631406,0.759806877393481,2.34026515573742
-87.1707271651431,-0.932127092452,0.817186868472769,5.97379438682711,-0.409914077303844,1.83859743168905,0.569550966698669,2.27617161330731,2.10236700378152,0.741215349127186
-87.3886725294092,-0.956617593646181,-0.410707466309383,3.9910590441368,1.57670304229827,3.76059239217329,1.18126105840783,2.3205537105594,0.268418831358286,1.1955201662962
-89.7714902910897,-0.34530930349911,0.256464218894179,5.74303305909128,0.679848096384148,3.25988502328033,0.762162304257744,1.80539118301081,0.461406798147625,1.98021856795129
-89.1388281419019,-3.21186994408391,-1.21134158090498,4.24523085236899,-1.7103730752108,2.06733728808711,1.64389230398574,3.09098884033344,0.455060464387046,1.34883295684029
-88.3023131124602,-1.79161253706491,-1.62471045747345,3.07176165693643,0.219229447535706,2.74413428860701,-0.222242477268922,1.33588891428937,1.34493067264231,1.36345259928965
-89.0391304404324,-2.72143179210437,-1.30640459206273,3.39469399401708,-0.337948922008978,2.81927429493361,0.935027815804918,2.38007613060311,1.14680623936946,1.30236868022691
-88.2682218894456,-0.620224795373006,1.52644365182668,5.26782135455673,1.05417905969372,2.8351973754447,-0.006994208524885,1.02552075421948,0.944778894548475,2.28041658982149
-84.5227872915374,-2.04193876070101,-0.404485022808605,6.25301821024712,0.579724803486286,3.10450947659898,1.31485632731825,1.31728200068718,0.409233044695086,2.02151164832278
-84.8633053614203,-0.965355335726533,0.114526440655742,5.83426263400493,0.0656447170335452,2.84056345070984,1.96685834872878,3.51487188656098,1.50904286438006,1.89000324669309
-87.8544121634822,-1.5352808840258,-0.730927136678955,3.59888038665943,-0.913702498910828,2.79585262134003,-0.495491754455918,0.125953494561796,-0.537384305455648,1.0749766470234
-90.0408271364659,-1.76591673685765,-0.439845079529316,4.98195988773334,1.41409857980952,2.94253845597092,0.00901834257844106,0.99243149288814,2.25660701196713,3.78435359994325
-89.7816028508524,-1.16831509080132,1.03173668051024,5.52238003768532,1.32679830352794,2.88532966772221,0.0145294283561169,2.38433769793841,0.6239503842653,2.02695426233959
-88.5074218494631,-0.797650315233258,0.0261561710580673,5.75101453941352,0.78366787153838,3.52428368116102,-0.224806612509935,1.23328872853638,1.45782397943743,2.52575848461381
-87.7099018895165,-0.540774114000934,0.778233750298343,4.2591059375019,0.20147066725322,2.76628394331537,-0.397848772066923,0.91335835849805,0.0321963762716591,1.72647053395204
-89.3200923130859,-1.75022056856751,-1.60961010676456,3.45948182588115,-0.688616172297877,2.46260134092609,0.830409144833672,2.58532936019059,0.32311033010735,1.07422114059833
-89.3448076655026,-1.17328942863311,0.0987244487605428,3.82535056785937,-0.37284015572831,2.04663760544393,0.0301939367439053,1.51233977058531,2.21609017665706,2.16085189437204
-89.0876637966337,-1.96515397066274,0.581293627755931,4.77558522898726,0.351469630534548,3.03476140139026,0.457095791653241,1.40038646807922,2.05386634509666,2.99517925325264
-88.8747557742192,-0.69109358234089,1.0036484475995,6.24514388092663,0.0173867116606565,2.87426518125917,1.4306100574615,1.5627455547478,0.313221323746989,2.04817991031893
-84.4201624816017,-1.77792810819742,-2.42495795753698,5.47032543409991,0.0817316924480612,2.30012323095757,1.84741689311081,2.86366500565764,0.49685274452271,2.32161022749287
-83.3985955166947,0.598293891246697,1.23403918547731,7.56700104931205,-1.10108508032789,1.90557435741455,0.598066826799213,-1.04247353127545,-0.692493346086183,0.826186757431329
-73.0323507177936,-3.19059006511556,-0.562533752849541,13.1084091311502,-8.50376431885905,0.044366557107602,1.89422154156221,-2.79461115978378,-0.960370296683604,1.0068887752683
-65.1795305186304,-6.93020208466798,-1.18097914112283,14.1253508463099,-10.5208275733901,0.211411965935863,1.63655428569614,-1.73550015769938,-1.45674401832078,1.24844746660075
-60.5179620955698,-9.3747918064258,-3.50043344706259,13.7348079516356,-10.7334801578071,-1.29625094328136,-0.343856990626498,-2.03068869796752,-1.63319348552976,1.25658050857468
-53.4363959827585,-8.06611059405549,-6.10287127814984,13.7714727973074,-11.0733916701519,-0.634916759845931,-0.5724971778786,0.101626861319319,-1.20039722711261,2.07828884025235
-51.6549659535773,-6.72119977114932,-8.30276410592436,12.719132309039,-11.6134614051418,-1.27178160450949,-1.78660395725248,1.95722484107074,-0.332485748391236,2.18917731080748
-49.4453944864809,-5.64928263364182,-9.93615550599608,10.2974734773102,-10.2451208702154,-0.73391489715036,-2.69578332406447,3.28595692243978,0.552341462093298,3.15409845516945
-48.6352866137382,-5.19149499519777,-10.5211031544185,8.58352013746594,-9.93799737983201,0.822404649813433,-2.76619897097554,5.58544816848015,1.33916314183514,3.66878476334099
-50.9689850274523,-3.7182087644589,-10.9594297584988,6.74901874230984,-9.54309461660175,0.75686695510522,-3.38638790442846,4.60248066696656,1.83701433347882,3.81491837704201
-52.6239274181932,-3.30923057464406,-11.3858771372173,5.00396244229819,-8.75211605317074,1.52235540368923,-3.63575904489826,3.65017912553026,1.28441333861015,4.59660785778411
-55.6327530564446,-2.17248354395917,-9.22054157297713,3.82929852208868,-8.47594505514249,2.23290072566043,-3.46908215048744,3.55827035147624,0.344634859655634,4.9579499780503
-64.0010167451231,0.801126890742363,-7.2182735492269,3.64715371881739,-6.7119778261387,2.37666780367927,-2.76713760326628,2.80197143220963,0.808475982852349,4.66331966892901
-74.415016728014,0.437178665741154,-4.85191894454195,3.36533025529629,-4.48472458057897,2.26336565086126,-0.816280444255227,2.40975709359291,1.28303019690748,3.98740601668344
-75.4566510465142,-8.87427232567644,2.01443708824063,4.18474857238215,-2.47684321715027,5.45832601328167,-0.85164289904158,2.80476307157347,1.72253106779746,3.82392317434974
-74.7626002393951,-13.9616686031905,5.79780699508009,4.52453110649471,-2.69484908146596,6.23385416576001,0.116604353448037,3.17802047267992,0.382012071734113,1.77706941158466
-74.5904854630916,-14.9244041942705,6.07127912551532,4.40339204677561,-1.2897920762759,6.19701798582201,0.0820237528221482,3.11756710413395,-0.372108533743209,2.47203433902939
-72.9617151327224,-16.3060961374495,6.84588154941163,4.9383620323905,-3.47184178728112,5.40895148521382,-0.88457791672872,3.35852792366319,0.962980306921708,1.68352302333224
-73.4253553053199,-17.006027603133,5.76224546054724,5.999088354417,-2.99517089209529,5.48647971630042,-0.165258318957667,4.09299287885195,0.904197651835927,2.18136355796884
-72.4770845821852,-15.4409208245422,5.46237976530052,5.97165630619501,-3.38162340077115,5.13641952808293,-1.58948735906495,1.73394247049005,0.660492240791693,1.01126485974312
-73.4185888195715,-15.6435816311038,5.58795746364264,5.22109339623908,-1.65023453124062,6.8122137208891,-0.283156924198786,1.65078756099731,1.29088952080035,0.567091900521136
-74.6572346368372,-17.4893861982109,5.12791330336012,5.87488958299385,-2.49155841031153,5.35217241565455,-2.99408715927572,2.23298212855119,2.58787426359787,2.37995984549997
-73.4261682285175,-16.5436120367409,3.90625739322439,6.45953413658643,-2.26705125777772,6.36944308285312,-0.541836489225579,1.7732031519657,0.216683021463135,1.21072941020273
-73.8702270935183,-14.1213230721287,4.87256199792308,5.56523526804205,-4.35851945898028,7.79836771374585,-0.86904288495267,1.86602028848363,2.77867305618109,1.86304314671362
-74.9793884571768,-15.0848832315276,4.02020108337164,6.53692892401343,-4.45517453600687,6.47342932160068,-1.339395057021,2.716884448719,1.90113563742885,2.14719641432272
-75.1797443543704,-13.9533462968514,2.45430806686254,6.68693836872085,-4.90392704324751,7.62456022497343,-1.20152477681777,2.44657086123924,1.96763215696687,1.13878790862604
-76.936371158444,-13.2589338343183,2.7572638793012,6.97717295006924,-4.49543549946443,8.20272645219805,-1.17859503775222,1.8718478208788,2.05825041737158,1.53489565761422
-79.2377125284931,-10.4429007875195,1.49454386648687,7.42300595942627,-5.00409836027509,7.70139543068099,-1.54371556619306,2.4981017564775,2.02901969049107,0.373503256622219
-84.0262409062289,-3.41753111694002,1.24485003076311,7.1402583367829,-3.11711234114319,6.05460835455811,-0.432594083900313,0.866289241139714,1.88811717555508,1.62001172509082
-87.7749450972018,-2.85792897721872,0.538207066791645,5.55698907961239,-0.771465567739626,4.80082141100602,0.951800526895814,0.528817823653333,2.40503631619148,1.38109974467306
