0.000139708633501979,0.000157716347311172,0.000166094811576249,0.000107365914626513,4.23075560124486e-05,2.3813871637517e-05,0.000102535392335276,0.000303716327069709,0.000374008877618337,0.000278814251615797,1.91655998302217e-05,2.05986153384699e-05,7.83915890749859e-05,8.59649027824426e-05,0.000177541190125066,7.29542975123251e-05,0.000121345522440944,0.000180343089350777,0.00017218469425991,0.000140221434985349,0.00039446384309426,0.000147660616617195,0.000220810439287772,0.00016107097934263,0.00012285278214893,0.000105267609636789,0.000217956355938251,0.000261639063217251,0.000204488761870399,2.97788859681232e-05,2.35141308151651e-05,3.87920199554557e-05,0.000142101627202788,0.0002603206638837,0.000228428793047937,0.000199601893587539,0.000213131701607352,0.000262026533133351,0.00023874890437044,0.000245700635452419,0.000374400687395004,0.000242918027081262,0.000146066274757285,7.73237997300112e-05,6.83928499246778e-05,6.74337410760508e-05,0.000215996783386637,0.000223688801071134,0.000154452582045689
1.66914673708106e-06,2.32615501997859e-06,1.9186660987308e-06,2.99105581642377e-06,3.06425116732379e-07,8.19149318817375e-07,2.36847261823777e-07,2.26431742784507e-06,2.45184519965366e-06,5.51314112783747e-06,2.28425871349348e-07,7.02583057430991e-06,2.86334424348946e-06,4.63408193974717e-06,6.55221178297181e-07,3.07063270190421e-07,2.707577124733e-07,6.13990997129616e-06,3.13303885505499e-06,4.00572077299724e-06,3.9921956799022e-06,8.4966969415114e-07,5.42325619675675e-06,1.84587905560471e-07,3.20745982057715e-06,2.29330532189132e-06,2.85712462583153e-06,7.33424549764817e-06,3.18089627132313e-06,2.38514416401747e-06,4.04778248204996e-06,5.73260848241519e-06,2.00238231749499e-06,3.89202287514535e-06,4.8996944945055e-06,6.42496789890138e-06,5.20342846088603e-07,8.2339774032606e-06,1.08074630114127e-06,4.9382241091036e-06,5.4693058095394e-07,2.66714340645102e-07,1.96182558090949e-06,1.1544093290347e-06,2.41309018851379e-06,2.56334589184622e-06,9.88561715764017e-07,5.47038066235933e-06,2.01245856341361e-06
7.32127572674079e-07,1.27073021012285e-06,1.49834455569391e-06,1.41969855900465e-06,2.12082595478224e-07,4.3223296044495e-07,2.40237981490222e-07,8.95184178974627e-07,1.18926058298772e-06,3.66566382509588e-06,6.96870541550065e-07,1.0196613082809e-06,2.27518927322757e-06,1.52250389004398e-06,3.47612557910346e-07,3.38113007802973e-07,6.01848366848172e-07,7.26338493364779e-08,1.4443423426537e-06,4.95092473705708e-07,3.54365906677132e-07,1.02390805978893e-06,1.23826484046717e-07,2.5609486139558e-07,5.51593407887049e-06,6.53790029098759e-06,6.49361960397985e-06,1.04705194835672e-05,6.57307937662977e-06,1.69426727859028e-05,9.8659614407864e-06,4.60676098621922e-06,5.44457005332949e-07,9.39507040446615e-07,1.52124705965759e-06,1.47956374934253e-06,1.12130241877746e-06,1.01185555388228e-06,3.66495144011842e-07,3.54367502746479e-07,1.36537469593228e-07,2.01624422848886e-06,1.56779129500012e-06,7.92428550706279e-07,4.62514271444669e-07,7.00818613599901e-07,6.31214063993953e-07,6.24240712075925e-07,5.28002374408168e-07
6.63998155257703e-07,1.1975793222742e-06,4.8644669562835e-07,6.52779267002197e-07,2.09982691877605e-07,2.67814953630526e-07,1.52438877817086e-07,6.74972496383055e-07,2.03869640618782e-06,1.90372497419671e-06,4.55438719120692e-07,1.93323795057813e-07,6.56375214986193e-07,4.4496103381726e-07,1.29328744363486e-06,6.7541959817835e-08,3.975479975585e-07,2.84132525583976e-07,5.91190839484613e-07,4.45600998734074e-07,4.88035963687988e-06,6.8451096142102e-05,0.000130131001114022,0.000167167405428632,0.000127911667063773,7.51042426084892e-05,4.83025484489169e-05,2.4457235310742e-05,4.77312873085957e-06,7.83366665654293e-06,1.3741753208901e-05,7.82569351598037e-06,2.51701786286339e-06,6.53728233751645e-07,1.41809634339981e-07,5.07364288264328e-07,2.3155936881714e-06,1.41690692727763e-08,8.5094622057227e-07,1.06574922308247e-06,1.38096696616082e-07,3.43863495754373e-07,2.67805620753274e-06,1.17297319128182e-06,3.95020721345625e-07,6.35454472477556e-07,9.70445012554915e-08,1.1010730450389e-06,8.94973177832182e-07
1.20887906544318e-06,4.90880286259579e-07,5.35785011283491e-07,3.64353691193972e-07,1.20478319960123e-07,1.39258593351876e-07,2.01863737609186e-07,1.32018876196111e-06,2.51730796574931e-07,8.63360545674788e-07,1.52362759528398e-06,2.4295418412239e-07,3.24851830389072e-07,1.14529172110045e-06,2.23998545640198e-06,2.08203491138942e-07,7.76974939588892e-07,6.08503258486704e-07,8.053403963536e-07,7.05665980494048e-07,4.05727913974013e-05,0.000208485168563177,0.000220955409259139,0.00016635207484169,3.87426862005607e-05,1.32298265960419e-05,5.89356503571983e-06,1.63094336052629e-06,2.76880166616727e-06,1.00154468514295e-06,3.09348634624525e-06,1.15665724122022e-05,1.63678755570194e-06,3.57984061086516e-07,3.00960914965369e-07,1.47539273720571e-07,9.19022747379901e-07,6.44626355584815e-07,1.48442357136097e-06,8.00177176525029e-07,2.94200745824512e-07,1.08091739099686e-06,2.79090869157694e-07,2.89097533329741e-07,4.26876200491514e-07,3.89963381687733e-07,5.62526599284717e-07,7.39857245971612e-07,2.05178322027936e-07
8.62968836824456e-07,4.87153541091933e-07,1.24133290645358e-06,4.83242925547999e-07,3.7570978056578e-07,3.07868686317102e-07,1.66101121311586e-07,7.42178072190125e-07,6.87680921337025e-07,7.13386028233515e-08,4.70123570708253e-07,1.39688742834993e-07,2.02438469060143e-07,1.30702730060306e-07,1.14623528933206e-06,7.85145899881455e-07,5.37602865381114e-08,2.05762902616249e-07,7.47078205271892e-07,2.44579026598913e-07,1.68659704397289e-05,6.45425670686021e-06,3.01969547843e-06,1.21888078293102e-06,1.02694875655738e-06,8.29396731718402e-06,2.26395456325008e-05,6.57698878356446e-05,0.000105701055909606,8.32729483793034e-05,4.73750340065234e-05,8.41416816400702e-06,8.99942881664895e-07,9.40883905751803e-07,1.38722992432375e-06,2.68413249484047e-07,2.81092568166411e-07,3.45875734152161e-07,1.55368687764137e-06,4.883456681693e-07,4.59999321716906e-07,4.23776724819376e-07,2.33422010264625e-07,1.40721743415055e-07,2.40378597105057e-07,1.24901802963065e-07,8.00647050049898e-07,6.21588342566889e-07,2.23069155528246e-07
8.72304245144951e-07,9.72532385902073e-07,1.05045613752663e-07,3.91004137103979e-07,1.85946478110551e-07,5.17077900293848e-07,1.5403340873628e-07,4.17127651571137e-07,5.18638858330093e-07,3.88353091626716e-07,1.59899606396875e-06,1.66447989344166e-07,6.38607506909945e-07,2.11706798284649e-07,4.78572758589456e-07,1.62191430070815e-07,8.76879159255653e-07,2.17023217440703e-07,1.7248048013869e-07,2.24046975929301e-07,1.57366373728898e-06,8.88055063035496e-06,5.51455517912414e-05,0.000393353263661202,0.00188744080258215,0.00110396624630089,0.000623867690537849,0.000217261301011393,0.000153989167017739,4.95783950147295e-05,3.07209042873221e-05,1.95211861309066e-05,3.50283575592638e-06,5.10397971656148e-07,9.59604886434304e-07,6.04690649013013e-07,2.12783932075775e-07,3.80817893235045e-07,5.91953541892858e-07,3.16606876590533e-07,2.77712027975925e-07,2.01825757420222e-07,2.35065584197635e-07,1.06667003445956e-07,5.28523900875183e-07,2.55370910279344e-07,2.26749811250669e-07,4.83198172291222e-07,2.93092566416743e-07
6.37203012157209e-07,2.69853844215587e-07,9.17075160047727e-08,1.27420977166061e-07,7.07509225839311e-08,3.3911545722821e-07,4.02095980444551e-07,5.65814092776396e-07,7.30395542252078e-07,4.44380565610539e-07,2.93805445502854e-07,2.44488794892407e-07,1.93817802966475e-07,6.13962320818405e-07,7.8708250222829e-07,2.81252756060137e-07,1.86322906987855e-07,3.50335223523978e-07,3.63654686030697e-07,4.45235890132515e-07,6.20357883354401e-07,2.67834274466693e-05,0.000182820878489516,0.000817245561544295,0.00150554857871097,0.000272084438714145,7.71089416073446e-05,2.1891042317171e-05,0.000120661550494425,0.000151596261449212,0.000128906584020554,3.12163554579965e-05,1.52198793479796e-05,4.33782643714111e-07,1.7341297263972e-07,3.1892814262631e-07,3.47579965069705e-07,4.80624081949185e-07,4.94763402852768e-07,2.8626996079999e-07,5.16714854154837e-07,2.60670891035109e-07,1.98836340876132e-07,9.20779809944872e-07,2.33673706528791e-07,1.48983768350591e-07,3.26279780489773e-07,9.98117733837006e-07,2.19734975429059e-07
9.17577558299809e-07,3.03565875647758e-07,2.7961695510572e-07,2.26591172524834e-07,8.97478423921558e-08,4.03817297232357e-07,2.5902890661526e-07,3.15634012635494e-07,3.46150969078871e-07,2.94097570104015e-07,1.45148857286877e-07,2.09322415714906e-07,2.74382076394584e-07,3.87499641050666e-07,2.62323577200732e-07,2.53132703459098e-07,7.9364093456311e-07,1.69915643548307e-07,2.175700747203e-07,4.66853808783389e-07,5.26157114731884e-07,2.45409754285024e-06,1.30469476600203e-06,7.79336034414569e-07,1.53942306519906e-05,0.00027836055760022,0.00188207175430767,0.00220196095795147,0.000764908358634783,0.000180535353654804,8.57641497085393e-05,9.28990522837068e-05,2.17085229552085e-05,1.15947462434696e-06,1.00138268980145e-07,3.01680200916146e-07,4.69893588645059e-07,2.48445368092904e-07,4.83056789510449e-07,1.52343943821435e-07,5.02235396146255e-07,9.50410693723463e-08,5.87673823362186e-07,3.70843389995744e-07,4.65064277714893e-08,1.35426934062748e-07,2.91316151378613e-07,1.3860391644182e-07,1.63493388859931e-07
2.96215633102977e-06,6.40016110393217e-07,2.53672276050862e-07,2.98584555578837e-07,1.3989480020967e-06,2.06801242345767e-07,1.24844986918542e-07,2.89047293811303e-07,3.31952735118764e-07,1.27834981417123e-06,4.23115224172788e-07,2.05853388643831e-07,8.35609537866896e-08,3.79941070411376e-07,1.79783854052657e-07,2.41654033246556e-07,1.14024098942169e-06,7.81322478558022e-07,3.06905791502524e-07,3.94566486047236e-07,7.82577269384408e-07,9.69471709055745e-07,6.78855966511292e-06,4.65630247548799e-05,0.000332928239090601,0.00195258095558055,0.00705015846592704,0.00153348239070292,0.000285763996218571,0.00207340813047976,0.00278626993577403,0.000392618208631219,1.36658196954344e-05,1.78039230052214e-06,3.72550455353717e-07,2.14868295814712e-07,6.17287684503629e-07,2.14400805339945e-07,7.18588345096692e-07,1.31777059410651e-07,3.81366689366858e-07,1.40672454565435e-07,9.86482098941929e-07,2.35377526623273e-07,7.3513464205794e-07,8.60485510969389e-07,9.86368980492789e-08,7.92934485092387e-07,2.71177661092971e-07
3.63678967685877e-06,1.72956386097885e-06,3.66059930225068e-07,1.5877907630712e-07,6.02073585286766e-07,6.0324071650544e-07,2.87445503922422e-07,2.70925121050823e-07,1.89925425751869e-07,6.59593264233024e-07,4.73493896806338e-07,6.0774536091037e-07,1.82362670088674e-07,3.4189198832317e-07,2.74816707712287e-07,3.83830160821402e-07,4.72948366732783e-07,4.93901605683975e-07,2.42530995018762e-07,1.07213836026844e-06,5.92883744693538e-07,1.36376555339829e-05,4.67016180910503e-05,7.96253171745859e-05,4.65758480056056e-05,8.90043297704747e-05,0.00027795068307147,0.0032780617784732,0.0132893188318553,0.0128853382721034,0.00559452594684716,0.000667922932830964,3.84970338304555e-05,2.89528936630899e-06,1.23058741354905e-06,4.96325120323804e-07,6.85132200301102e-07,3.7946162664833e-07,7.04630636675402e-07,3.14491138702085e-07,1.64813399535331e-07,2.42467097939423e-07,1.03039506745901e-06,1.31990024276082e-06,9.38452154465057e-07,3.11276995159297e-07,2.89039029189334e-07,6.99001922097703e-07,2.68192089532104e-07
1.35764394210872e-06,2.90167996652713e-07,3.3644983749617e-07,1.38836297907046e-07,5.12940226645962e-07,3.07523753054977e-07,3.89761339701885e-07,1.53327992569936e-07,1.42029184930623e-07,8.85867893228636e-07,9.92017443868557e-07,2.61304923547353e-07,3.80524274549211e-07,1.50704877200762e-07,9.01045370274176e-07,5.15392224032015e-07,2.90679018727548e-07,1.95252111854184e-07,3.05191612684416e-07,5.06389698237731e-07,3.25272012416585e-07,2.75827019057691e-06,1.23907006539889e-06,1.16560707315373e-06,3.26598308577611e-05,0.000197823995301927,0.000403181019102741,0.00251457013600034,0.00298372487273026,0.000333576447924196,0.000264052585156756,0.000113216688269717,1.95906882085859e-05,1.216495669533e-06,4.70177558082587e-07,1.21680037324683e-07,8.41725829024399e-07,5.92365537398339e-07,3.14432346682764e-07,4.94917496687527e-07,2.66043833436463e-07,3.40208695325564e-07,9.8792534501281e-07,4.85868378632233e-07,1.15265534329202e-06,3.08133562477746e-07,5.92338079877699e-07,1.61971383315982e-07,1.78866150160724e-07
5.26400054428673e-07,1.54379902929963e-07,5.49452799703989e-07,6.06647656744135e-07,5.63312759580473e-07,6.20313085218018e-07,1.33915861577891e-06,2.06181300693439e-07,6.31140662461293e-07,1.47727817270007e-06,1.3271826705282e-07,4.80007221505001e-08,1.3032313320067e-07,1.40941133811395e-07,7.56091838092253e-07,9.16393287330061e-07,2.77052872864266e-07,9.44139122581201e-08,1.88645550873138e-07,1.35870657550035e-06,2.29290905559482e-07,7.32111698798669e-07,4.7505053456057e-06,4.1063386973384e-06,1.20997758970394e-05,1.62900767450154e-05,2.15766257446946e-05,0.000129277009050049,0.000202990482826771,0.000124875222074011,9.06530008893283e-05,4.38417462037896e-05,4.50243230346349e-06,9.58925297334087e-07,8.27066935454207e-07,5.54954019539662e-07,9.44928835719269e-07,5.15852037575027e-07,2.2851827403448e-07,3.1432266020164e-07,1.50945950198934e-07,5.91556843248335e-07,5.56813747246588e-07,6.83026507034222e-07,6.65276422163022e-07,7.15943624817727e-07,1.49145043563412e-06,5.30302381842237e-07,5.83306225731777e-07
5.55360716755338e-07,4.21460352188219e-07,8.44688849821388e-07,2.80552021279254e-07,5.34428891279649e-07,3.75109038268938e-07,4.61869042519486e-07,2.03745162444597e-07,1.21993590682464e-06,4.34048255519036e-07,2.0437712984651e-07,1.07703970979087e-07,2.09352619055983e-07,1.04508100181485e-07,1.46340418441687e-07,4.17787706472405e-07,2.40237472597411e-07,1.50282475449182e-07,3.06819824581396e-07,1.10793549321357e-06,8.90022213514767e-07,1.3610704833274e-06,1.91396523721042e-06,2.30728664580413e-06,2.00030220968305e-05,4.69269322541957e-05,9.45116999388691e-05,9.53333207461251e-05,6.29328411758202e-05,0.000151979577775478,0.000157945192405875,3.75492709184662e-05,9.40736648989205e-06,1.62826691009084e-06,8.93154650949726e-07,5.71513729699118e-07,9.20074177018333e-07,6.17865816029483e-07,4.96071440860425e-07,1.45803810511399e-06,1.45984541971399e-07,5.81287127839417e-07,3.87131477309648e-07,2.35404567233036e-07,1.06114283084601e-06,3.27357109256828e-07,9.4914362251955e-07,2.70683141441388e-07,2.58957981647585e-07
1.646820471965e-06,5.32597673406302e-07,7.10738785220805e-07,1.17290402418727e-07,3.71683376830224e-07,3.50899956317198e-07,7.92041681501367e-07,2.70283038032663e-07,8.03544990821131e-07,4.89350823635919e-07,9.30078571244907e-07,1.82777853005219e-07,1.98013025986359e-07,1.16069902250452e-07,2.20380932440294e-07,5.83629048375728e-07,1.71508794818155e-07,2.22672430755524e-07,1.75446338187429e-07,5.04896927930027e-07,5.77504192690777e-07,7.61948208128533e-07,3.33042553115852e-06,8.25680229083359e-06,9.74007032771445e-06,1.90156768173757e-05,9.79395068626772e-05,0.00019345255155919,8.31975945684894e-05,0.000134052691743013,0.000128844429025421,3.96365774721026e-05,6.28708013748663e-06,8.03259437026759e-07,1.38141957051132e-06,1.09872954290987e-06,3.04560043266991e-07,5.67899928611375e-07,9.63037770762395e-07,1.13832265263242e-06,1.93360199145891e-07,7.31303224619188e-07,7.56815937819122e-07,3.1841926658365e-07,3.26317146335478e-07,2.82496782134264e-07,6.00344480820965e-07,4.58512022496905e-07,1.24021184652211e-07
1.007778352859e-05,2.92594686038833e-07,9.6988088805516e-07,2.89829901970035e-07,3.29804200882651e-07,1.12144845563407e-06,4.84192209584905e-07,3.23089230828513e-07,3.83906359406251e-07,7.9634922489029e-07,1.11197111656147e-06,1.20266782937906e-07,1.95454817506926e-07,1.43734475940038e-06,4.31253268125116e-07,1.04982292986425e-06,3.89011459482959e-07,3.3978986527654e-07,3.35687396635023e-07,1.71033585515583e-06,6.25117883757261e-07,4.16317447038627e-07,2.24052029131723e-06,1.97913937286277e-06,3.96609901505352e-05,5.23547924075683e-05,0.0001018099307617,6.50169927505884e-05,0.000192945848790413,0.000331805646005997,0.000167187404970119,3.23752060659077e-05,8.47858267825235e-06,1.85717365242249e-06,1.56369615760484e-06,2.88465466269647e-06,3.33962449439377e-07,5.06532209671329e-07,1.0982659547072e-06,7.01026148592285e-07,2.86016334517029e-07,7.84874638062922e-07,1.24895787670941e-06,3.92979763376953e-07,5.6302165466833e-07,1.33193458515774e-06,2.20990315041452e-07,5.26616787929808e-07,7.09307586934507e-07
2.1027397503201e-05,1.50016794774771e-07,1.76174876729161e-06,8.0011033289923e-07,4.27222648446811e-07,1.02277502726136e-06,4.72856969972435e-07,4.06503504319041e-07,1.245761372899e-06,7.58507128689507e-07,1.78753879869202e-06,1.01627935113326e-06,3.10974682942371e-07,8.44671731693512e-07,8.49570010524289e-07,1.01732638503421e-06,3.74588597081888e-07,6.10509182268068e-07,4.88623705350602e-07,1.08877304764431e-06,7.39932504250308e-07,8.26663400234013e-07,1.95745899981072e-06,5.86529645712688e-06,1.9924288379159e-05,2.60929521067747e-05,8.06055969350943e-05,9.95039857056314e-05,0.000111027388218404,0.000143793883479017,9.28463611014762e-05,2.36257661090232e-05,8.56192942830242e-06,1.32041267790826e-06,1.02860001519804e-06,1.41233189805024e-06,2.89454280192361e-07,3.42648923479222e-07,6.25111887394453e-07,5.87182878478849e-07,4.20083175777871e-07,1.17730791210632e-06,1.00848199105299e-06,1.27858070940499e-06,1.14135714610088e-06,1.7468591917763e-06,4.52508116225255e-07,1.37823401922177e-06,9.26616956366242e-07
3.5324681325928e-06,1.36848431459558e-07,6.20769619078514e-07,4.98694328605814e-07,4.30824834769315e-07,1.32309235105311e-06,3.30240204810435e-07,6.24001160510557e-07,1.3554767513234e-06,1.65709159097357e-07,1.57343751160523e-06,1.28735391757204e-06,4.03632834643961e-07,1.26755867163726e-06,1.48388850809497e-06,1.66810981182634e-07,6.94696231323193e-07,8.56703080724639e-07,5.96777981893502e-07,7.04497534689638e-07,1.52573180187909e-06,1.71172195008864e-06,9.30099225220761e-07,5.31897987875339e-06,2.45486234790426e-05,2.54582108791397e-05,0.000109390510653725,0.000231681295058125,0.000102599274716784,0.000220435667782383,0.00012645298867447,3.7800901138717e-05,7.76113760268852e-06,2.79377148984163e-06,2.04825782626355e-07,5.06731481077319e-07,9.30978447649481e-07,5.57279493211796e-07,1.01056771266138e-06,2.58105626043729e-06,1.31629207659319e-06,7.83268235400958e-07,1.64842874749246e-06,7.68874948346181e-07,1.61357412520241e-06,7.94605797325071e-07,1.06254063291431e-06,1.20931893209556e-06,6.04940277053541e-07
1.07335122606341e-06,8.43601083779084e-07,8.47784722205976e-07,6.37916468028636e-07,2.87992363854444e-07,1.26771846866487e-06,3.71489671362505e-07,1.49819166779416e-06,9.86436723323139e-07,1.13074346396298e-06,7.53800043658872e-07,1.43175751762493e-06,4.04296238875647e-07,9.05587822280273e-07,1.58307677939376e-06,6.70530760991119e-07,6.96614931149682e-07,1.02870480732613e-06,1.06289491505172e-06,1.92738819819715e-06,4.2874786998812e-07,1.34726358657212e-06,2.79130940517529e-06,6.78214112735892e-06,3.4237366634531e-05,0.000105829920903659,0.000225610197567643,0.000255996282659777,0.000480712892269827,0.000533525349240026,0.00039445407167723,0.000186416993641532,1.04123609900271e-05,2.00144572538095e-06,3.71725175784392e-07,1.09306576979264e-06,6.43006026529642e-07,7.86806538673923e-07,1.05686995770084e-06,1.44543518709872e-06,1.48174918030348e-06,2.68177630905268e-06,1.27345090530865e-06,1.22652669223707e-06,1.98242721788661e-06,1.67181350028907e-06,1.26752739084133e-06,5.59753547070125e-07,2.60845997062508e-06
7.33681187750181e-06,8.93471009445844e-07,8.88135051248956e-07,1.53102476618208e-06,3.1516439804832e-07,1.17560805906474e-06,1.95678013042569e-06,6.95532440596095e-07,1.89275944807601e-06,1.26402738915533e-06,5.50366614685823e-07,1.65841815795726e-06,1.04025731418104e-06,9.39972843843612e-07,8.63058771463687e-07,6.60622153807155e-07,1.08941817448164e-06,7.80626832582191e-07,8.86458480535829e-08,1.7589563995816e-06,6.88697072077431e-07,9.22139730028419e-07,2.06657607709811e-06,9.62983287803115e-06,3.66123097417766e-05,5.44036090000337e-05,0.000182370589983231,0.000526004324897699,0.000706478451040626,0.00284917112615737,0.00174399508802128,0.000501059460548344,3.04340604295305e-05,1.28507284692633e-05,2.00010267265325e-06,9.38882376540283e-07,2.12155073683022e-06,1.89727449883375e-06,3.33341790907559e-06,2.72569537330299e-06,5.80256711004566e-06,8.33374182967831e-06,2.91934075789323e-06,1.83966849609725e-06,4.91998057491835e-06,2.51326123466517e-06,1.51453330489142e-06,7.19128327738101e-07,4.11056867073238e-07
1.42752677435465e-05,9.27636947592347e-07,2.56923762972889e-06,4.19295862856858e-07,4.15856229517642e-07,2.11007614443227e-06,1.46430025267909e-06,9.77605588437288e-07,1.24683127530405e-06,1.6586838716246e-06,6.10868349765631e-07,1.7477279192122e-06,1.7204566320063e-06,7.98967891279894e-07,3.90154258574446e-07,5.82271332791926e-07,1.06106349143341e-06,9.30288370984026e-07,6.20081034414279e-07,2.47673519524302e-06,1.80875762887424e-06,1.22048210219533e-06,3.83650592115504e-06,1.76475358601333e-05,6.32014862321096e-05,0.000229716872419151,0.00100142425601316,0.00339358174661426,0.013443421420082,0.0104680037265058,0.0021809513916,0.000433015240702069,2.560604932467e-05,8.81906513992602e-06,7.02691811692865e-06,1.9399839603399e-06,4.59129319951674e-06,1.41328051199958e-06,2.559169987563e-06,5.18013210795633e-06,8.37575783961973e-06,5.59121410483211e-06,5.00984612160377e-06,2.48972445895884e-06,2.91237903911732e-06,2.36546346782472e-06,3.38686433323231e-06,9.04046789630668e-07,5.20671549365144e-07
2.45575908780422e-05,2.76028874349132e-06,2.35261891928749e-06,2.47007475885935e-07,1.40134763194398e-06,1.56134012495096e-06,1.94498814909732e-06,8.32309717916826e-07,2.72926073173766e-06,3.64265388488164e-06,7.89785731511141e-07,2.17455484239066e-06,8.69650982709697e-07,1.61528448010254e-06,7.20465858493866e-07,2.37940821959057e-06,5.9413190759858e-07,4.19120793544718e-07,8.44345246892041e-07,3.7170027256466e-06,1.78150757492848e-06,2.07379270452008e-06,6.76822131863147e-06,2.30529392981679e-05,0.000143087325558234,0.000541190862699686,0.00363989326299927,0.00866527724050134,0.00726783145885204,0.00135141022293743,0.000372032366914032,5.69003957539659e-05,9.01313778435797e-06,3.87692718686662e-06,2.02683334541766e-06,1.69949213700666e-06,2.07723522724051e-06,2.97636441060398e-06,1.66653392803363e-06,2.53778365404248e-06,3.19770454002329e-06,1.26480106117882e-06,2.85655083419555e-06,4.67482053477201e-06,2.72498088225328e-06,1.70691821538504e-06,2.894405055065e-06,1.85709605400782e-06,9.67824484446302e-07
1.25101200236897e-05,3.66946819658211e-06,6.65922461535002e-07,1.45350249856529e-06,1.69763445569911e-06,1.23440079288989e-06,1.01549885790477e-06,9.57633751497147e-07,2.23852212477875e-06,1.89142204390136e-06,1.7540861255915e-06,4.40859656184689e-07,7.12009378023588e-07,1.09562602464444e-06,1.10289121138814e-06,1.25055787024589e-06,5.72826337717104e-07,5.14528375994118e-07,8.39587961666538e-07,3.69080485265476e-06,9.61211019321506e-07,2.70030948555887e-06,1.05870384197709e-05,5.61817370993548e-05,0.000431550247695616,0.00359197716190314,0.0114408921449237,0.00687101251310611,0.000911247108297829,0.000530320171440583,9.77528584582291e-05,1.07987269787598e-05,6.53755101974095e-06,2.33459962752175e-06,2.00395882629906e-06,2.50767529960643e-06,1.41117029786614e-06,4.2170639811237e-06,5.36225845638683e-06,1.61920871921284e-06,2.93526332297606e-06,1.83847818551853e-06,4.99618239682972e-07,2.80459631333799e-06,1.10668914893806e-06,1.95379963244837e-06,1.60475995510297e-06,5.94323414918741e-07,4.78023836306297e-07
1.90218484211209e-05,1.04843761237119e-06,2.034442469072e-06,1.39171540165074e-06,1.80416330077398e-06,1.80963494381042e-06,9.7886067883971e-07,4.91020716828621e-07,2.95692919630597e-06,2.97210898015548e-06,1.52994260609009e-06,2.26643073214957e-07,8.4829919278572e-07,8.73182588467416e-07,1.30157924425259e-06,2.22837841122386e-06,1.70782281327054e-06,1.41165921818156e-06,7.74159508193284e-07,5.60144408505892e-06,1.78459491893479e-06,1.51513735019093e-05,0.000122670027955868,0.000885764139001157,0.0088567312092969,0.0166507194617305,0.0139050183920005,0.00479688467090429,0.00105616006801192,0.000504801462357171,0.000114960565501619,1.86180072964919e-05,5.54245541164917e-06,1.06368303931036e-06,9.28218224147068e-07,5.89905662463941e-06,2.62926576966218e-06,1.26022021373277e-05,1.56331491844099e-05,3.91894575874565e-06,3.93965041332407e-06,9.20591560991514e-06,1.33167268979807e-06,2.64703814919725e-06,3.74585318741e-06,1.03158933191413e-06,1.36066040310418e-06,6.35833549514199e-07,7.33681895798197e-07
1.59831795318956e-05,1.33085420351989e-06,1.81218864536754e-06,1.33700078696104e-06,2.48347717133366e-06,1.25923584164821e-06,9.25371230619206e-07,1.54539593750829e-06,5.44886221586944e-06,2.59095781425702e-06,6.35083428260672e-07,5.00355761530561e-07,1.43321522054524e-06,1.57747274542249e-06,1.49515618059005e-06,1.26320500515333e-06,9.67446008226254e-07,1.2633143208896e-06,1.9948391311919e-06,7.28156873637437e-06,2.69884314505985e-06,0.000108705574965185,0.00139340348799908,0.00899411162641062,0.0568290962112866,0.029980025428168,0.010842835815138,0.00539505545507493,0.0015666224396192,0.00085087541985922,0.000267891176188448,6.34859821913991e-05,8.85809773242629e-06,2.5267683383554e-06,4.55509381440396e-06,6.80328727096065e-06,1.2816006494016e-05,1.84321018102546e-05,1.45606601082351e-05,8.3612203582344e-06,5.97560515189007e-06,2.98206084223432e-05,3.94558514353119e-06,3.63266424330966e-06,8.21921273281338e-06,4.64756657127751e-06,2.71036911110345e-06,1.75490111621841e-06,9.62914995668655e-07
9.76016584821496e-06,1.61086731919218e-06,1.29799978890625e-06,2.27765914563204e-06,3.42727765378776e-06,1.08253606029058e-06,1.53583613506764e-06,1.06019178991928e-06,4.63937257009385e-06,3.5244946901999e-06,2.38882024490972e-06,2.85758328546832e-06,1.53778450324175e-06,1.13916329570282e-06,1.20378857580124e-06,1.92773519487412e-06,7.80140813078826e-07,1.89643754062242e-06,3.77581204778297e-06,7.60181533567894e-06,8.2568634458841e-06,0.00231992575694716,0.0109555548175759,0.0268721081847838,0.0461127747646161,0.0327042718593635,0.012594104134646,0.0142042772341185,0.0109137366796011,0.00601691944350184,0.00370542549229351,0.000284832825178041,2.83856375661348e-05,1.0473327017161e-05,8.78316247452969e-06,1.38119070508725e-05,1.3395477742174e-05,2.21229588821366e-05,7.93491982216606e-06,1.13233801874623e-05,1.39026607423077e-05,3.1802097155225e-05,1.47933295214408e-05,1.3637041183644e-05,1.16136462963818e-05,1.23847142015242e-05,7.81038709817988e-06,1.90221914490625e-06,1.98068625171051e-06
9.16399267972333e-06,2.97658549951583e-06,1.98197125512869e-06,1.56958038048756e-06,3.80712864050989e-06,1.29651921511052e-06,2.86966556319726e-06,1.63365456742677e-06,3.34056491318519e-06,4.35770841768163e-06,2.10763453491601e-06,4.67094406984139e-06,1.12405574025007e-06,2.72111793570492e-06,7.94192925573147e-07,1.55188157704052e-06,1.05374067699161e-06,1.12667940473131e-06,4.50929745179589e-06,1.25083745576775e-05,1.38141066012673e-05,0.00388999389790601,0.0195347639605711,0.0299059358750259,0.076428552413921,0.0870489918119228,0.106149677038634,0.0697712951913955,0.054220863400852,0.0313305626532799,0.0188723547252095,0.00295514085813229,0.00019855288488248,8.17283745625557e-05,6.76997781977566e-05,3.57748937768892e-05,5.62987030211529e-05,5.58040450427805e-05,8.59383455716265e-05,4.70963249840055e-05,6.45554563838365e-05,0.000153408138509499,4.22378742167121e-05,0.000141277056210662,0.00015068624693478,4.43580479734667e-05,2.53940656776241e-05,8.30831319263268e-06,3.34498649491523e-06
4.37224585521593e-05,4.79056535146993e-06,1.98986456496251e-06,2.29871478397058e-06,4.12827952878614e-06,1.42542275851853e-06,2.16216975834624e-06,3.95529505793709e-06,1.93720379380396e-05,1.88670236424284e-05,2.4961973601027e-06,4.45806523798539e-06,2.00106464084795e-06,3.01471730086394e-06,4.28420102066011e-06,2.09196463702529e-06,1.79223720349305e-06,2.13117852881624e-06,1.70380935311534e-06,1.26697387550987e-05,1.90310751439925e-05,0.00149514218764522,0.0133904179292135,0.0423724751361751,0.103058584588992,0.0993029413075221,0.0782523495806727,0.0445628179327908,0.0130149076959276,0.00857040732534255,0.00195187479044242,0.000561672806271062,8.73254577285408e-05,0.000103135060296898,0.000168573551744602,6.23706218063065e-05,0.000257498229716167,0.00019285944019711,0.000170798609173187,0.000138716932250527,9.91045020368986e-05,0.000154008981240572,9.12856764540074e-05,0.000162240694843857,0.00014123538367894,0.000104658685797586,4.02508526480461e-05,1.08929776443358e-05,2.22049335331689e-06
3.84750799592658e-05,3.11246985607747e-06,2.31551260098536e-06,1.26850919993799e-06,2.63032269947851e-06,2.25789563075458e-06,3.60049943382213e-06,2.02923700578037e-06,1.36718674737786e-05,5.48918050738004e-06,1.40470176971444e-06,8.82432983282146e-07,1.56969826771631e-06,1.75048630562527e-06,2.15615400683349e-06,1.75229373545404e-06,3.64132476518038e-06,3.30636009388789e-06,3.77934299137916e-06,4.63726516043532e-06,1.36493193931838e-05,0.00159117632781829,0.0139059287860365,0.0297754594152813,0.0609516334051339,0.0506609325082627,0.0275311274913108,0.0161523365968479,0.00633158505545491,0.0032707042428262,0.00100846074320712,0.000110232377537633,8.45200839200761e-06,4.49684225546889e-05,0.000116065340747445,9.52053678537383e-05,0.000233970579906512,0.00027420010428867,0.000352168461221985,0.000187690743895428,0.000174375768414661,0.000295762094227727,0.00034060350792895,0.000287016003673578,0.000161168118454444,0.000156926257282686,8.68323868349144e-05,1.06744439682263e-05,4.57358717652281e-06
4.28448339844207e-05,7.24824973210994e-06,1.61021591265607e-06,1.77741260536459e-06,3.87191376846362e-06,3.84897193127555e-06,2.01377445490521e-06,2.22434845435208e-06,6.11310180056887e-06,2.92063734775039e-06,7.8161925088082e-06,1.7366111589576e-06,1.84504763755818e-06,2.26905740268527e-06,1.76926955822806e-06,1.87368947487973e-06,2.15525381814657e-06,2.2913162107293e-06,3.1594052632907e-06,5.19229434659362e-06,1.11060359702878e-05,0.00102787075462343,0.0100294470659104,0.0246011838670351,0.0645218633501913,0.0566560138080268,0.0243775531620576,0.021892897791879,0.00880218654074702,0.00326023843152733,0.00125557554143153,7.63385335171184e-05,2.60749349861805e-05,4.36084700967891e-05,0.000129949901607163,0.000150116468203208,0.000320702714232737,0.000469963803874821,0.000390849821535068,0.000213116487073609,0.000278493103380349,0.000428412850984885,0.00109618205978213,0.000653947774566126,0.000392535686054836,0.000356887818235473,0.000428676934511434,7.25879590144376e-05,1.64557981649729e-05
1.82368072581408e-05,3.40056966150343e-06,1.80315604661506e-06,2.2307360505851e-06,1.69721143945778e-06,3.35540453971383e-06,3.22493167672249e-06,1.91208618377805e-06,4.25493713265373e-06,2.39035458474796e-06,5.17008688208843e-06,2.76054211604153e-06,1.37147734038492e-06,3.30935487428675e-06,2.9804628594069e-06,2.68302553213277e-06,2.60019217555164e-06,4.50277686359371e-06,1.63259296485243e-06,4.38159433114429e-06,7.50224325105001e-06,0.000881202347250307,0.00951252504552304,0.0218385062847861,0.053845328004279,0.0432259006100432,0.0324426533651221,0.0202980228046342,0.00720237062031997,0.00391909533677983,0.000751159140153228,0.000176451957668967,4.75637938921358e-05,0.000345252395871446,0.000512340609194582,0.000461173225704392,0.000828549563624366,0.00135877461856255,0.00183035466631402,0.00211963540783724,0.00164884138035399,0.00072328716774316,0.00270478011383022,0.00148838905818077,0.00319747357371462,0.00325831309366718,0.00188626746458071,0.00017637223709791,2.52696600973385e-05
1.29085528765765e-05,5.02732719561989e-06,2.25200864198194e-06,2.05037357056896e-06,6.65497878983138e-06,2.14408247677746e-06,3.3191219697712e-06,1.96989159292455e-06,5.67271193560188e-06,5.32922463792152e-06,2.38830414068219e-06,1.29474366725805e-06,1.38432755740217e-06,3.91716728481129e-06,2.56927935697593e-06,2.31213031940929e-06,1.99720022625353e-06,4.52469485502558e-06,2.69939471931885e-06,2.94918928242036e-06,4.83961749884853e-06,0.000159732782827179,0.0011715925596346,0.00316392333340685,0.00718856921610182,0.00680430052578563,0.00421011646007172,0.00286752678485998,0.00104681303069399,0.00035001826229683,0.000268238573004909,1.91630694153625e-05,6.83289790303992e-06,0.000159420804159291,0.000605362854298092,0.000603192727880991,0.00202333064591157,0.00166869119917827,0.00512563434864188,0.00401906335593736,0.00675408374970018,0.00697096465931438,0.00729643226441618,0.00277719280692064,0.00553525798282869,0.00693776685101665,0.000420854687612273,4.70192717658603e-05,1.19656424497488e-05
8.69464984591088e-06,2.29860643207526e-06,2.0215721137324e-06,1.95483395486618e-06,1.68665276469668e-06,1.33829837283758e-06,1.45782100733003e-06,1.86714440127527e-06,2.34262693341887e-06,5.09478522507907e-06,1.65339154567646e-06,9.09979300922986e-07,1.87392476984088e-06,2.57703063045387e-06,2.57946686627169e-06,1.77765960303899e-06,1.34000529310093e-06,1.23270682772783e-06,2.29822670711163e-06,1.80408924109495e-06,1.9213139373667e-06,2.74972481935298e-05,0.000330033652494475,0.0012277451019071,0.00349916907326033,0.00348693641560784,0.00251061277149766,0.00411551718463057,0.00321459325250408,0.00285450015698653,0.00186602115820314,0.000365639191919435,1.30703608602765e-05,0.000136704152850688,0.00118554632089214,0.000733037862035697,0.00369320589731085,0.00146869727664691,0.00220530701149638,0.00203516864447477,0.00355312106129408,0.00340795273658611,0.0019614862403321,0.00163593338918197,0.00322565704147532,0.00118027483399232,0.00142111281045674,1.3544591708382e-05,3.20739548165776e-06
6.26645164009019e-06,1.69650792638531e-06,1.89642576870544e-06,7.44722536614613e-07,2.53707770675947e-06,2.09741753666488e-06,1.46916528478829e-06,1.94403858544316e-06,2.62611358457926e-06,2.01357231355205e-06,2.52735110519561e-06,1.21770516792017e-06,1.54981761178288e-06,1.97333013880246e-06,1.36200434607351e-06,1.22313508590011e-06,1.8075484301411e-06,1.61283572449026e-06,1.22349269353438e-06,1.9733796121402e-06,2.993819594103e-06,6.80157165049921e-05,0.000899723174464021,0.00239602386009476,0.00741614695161036,0.00512823941371372,0.00566417867545157,0.0102046330173201,0.00451954767033927,0.00396036401990969,0.0043631576509816,0.000693674016738253,6.70707535653765e-05,0.000157084070402722,0.00223641869489226,0.0035371705928972,0.00811572835133829,0.0108702054523649,0.00403167503279428,0.00257427257856409,0.00612934987155662,0.00287347092280405,0.00165675778964297,0.00368001191704513,0.0018667335389875,0.000641463188770612,0.000665750078192376,1.53760818939457e-05,2.54040052671679e-06
1.5039806780472e-05,9.43127045295553e-07,1.42086335144112e-06,9.08916568449915e-07,1.89259931984149e-06,1.69938038478348e-06,1.71548120058519e-06,1.74746627917441e-06,2.93554035283365e-06,2.07331536757606e-06,1.45083463247454e-06,1.6259679660323e-06,1.68204554356571e-06,1.01628494343566e-06,1.28610064657257e-06,1.31975426476761e-06,8.46263870193342e-07,1.40358077538083e-06,1.22922026556573e-06,3.04611266075832e-06,1.35678939213383e-06,4.42220243965079e-06,5.54035146014958e-05,0.000274800451784915,0.00102607482720446,0.00156745238726238,0.00356973533325077,0.00516708463118957,0.00205834136732725,0.00137750051761524,0.00121937906947789,0.000264792171016857,2.25434037210737e-05,0.000587049182262717,0.00139133878962107,0.00273288604014864,0.00417777743609448,0.00703467256775697,0.00144148018473866,0.00123352467513427,0.00120612744120672,0.000979785103195203,0.000749967093609712,0.00139559553315785,0.000712892169932938,0.000310279429369256,6.23978901468471e-05,4.4234106467154e-06,1.64219908866825e-06
7.4236872755183e-06,8.58742849126783e-07,1.45175588093203e-06,7.55754828347511e-07,1.18255393251887e-06,1.3362018432139e-06,1.00766759198201e-06,1.00277406062626e-06,1.95294347973615e-06,1.53715662431548e-06,1.68498465814785e-06,6.95159098958583e-07,1.21364145832841e-06,8.5022075344788e-07,1.2963838334321e-06,7.5024496382606e-07,8.82364217163166e-07,7.49544210738686e-07,7.87130541631001e-07,2.02598897994528e-06,7.40648911593821e-07,9.7095811595632e-07,7.35266768168801e-06,1.00423575686962e-05,2.90197142593083e-05,8.83759593277798e-05,0.000212862514376264,0.000585152078682204,0.000277350173440723,0.000236494474780282,9.62500755258675e-05,7.84218113428356e-06,1.88615862591231e-06,0.00015968069417922,0.00092768788252403,0.000858688034320197,0.000952654932054062,0.000622380390941529,0.000437233513542581,0.000250691173886646,0.000366368649606232,0.000174516049418677,0.000163232401692814,0.000210062313419462,7.22929213624808e-05,5.31813097981555e-05,1.40263434325989e-05,2.07468445076906e-06,5.4581307812366e-07
2.64661431033233e-06,8.48774785734955e-07,1.57097770636629e-06,6.67154858281486e-07,7.01740116105662e-07,2.7116320185408e-07,1.32453394338961e-06,7.89786053783598e-07,1.60985855120331e-06,1.29331796079108e-06,8.16917505382369e-07,7.19853580761657e-07,1.12416061954165e-06,4.61428262064491e-07,1.92017752190185e-06,9.59941187218535e-07,6.15086319941217e-07,1.3759711688938e-06,4.24328056214415e-07,1.13766305124156e-06,1.02460818177906e-06,5.00509886104938e-07,4.63405975875722e-06,1.40059703795305e-05,1.3804584887855e-05,7.53292726550515e-06,1.05636270193351e-05,3.75709539401707e-05,1.91421707919095e-05,1.81108249588242e-05,2.33646827516831e-05,2.91647047779193e-06,1.08284167813535e-06,3.23046099012828e-05,9.71146325316177e-05,0.00025994192163645,0.00033945636915719,0.000139601061720012,0.000157684269110521,0.000177127972135157,0.00024610785835251,0.00029004865782554,0.000142375488589533,7.63764347262081e-05,2.48842812366849e-05,3.69117252826428e-05,9.57912800343974e-06,2.3332683790428e-06,8.39733750860254e-07
1.59182151480053e-06,5.65387603305862e-07,5.27797004129865e-07,3.917080217919e-07,5.36279359819311e-07,6.08157461452138e-07,8.24244323602015e-07,8.76764765490326e-07,9.45652854918714e-07,1.32381848687594e-06,4.26724194800297e-07,4.21331915239044e-07,6.97801884834647e-07,2.74161633953628e-07,9.94714060515216e-07,5.29912985079373e-07,3.65713598496374e-07,5.69401029617024e-07,5.58865174432894e-07,6.41622482432094e-07,6.73259068642586e-07,1.66379337585211e-06,1.74533478210021e-06,3.42050305395896e-06,3.86869480674638e-06,1.65517465053333e-06,2.8715086539692e-06,1.58429847776373e-06,1.29284557911196e-06,1.36992343845512e-06,3.07966782949143e-06,5.6759479632314e-07,8.61865790054308e-07,1.58530308771706e-05,0.000109915444506877,8.57864667980021e-05,0.000192271466987376,0.000145455019423769,0.000120905146749239,0.00015872528590311,0.000143034256041637,0.000166085577231272,9.25735928702687e-05,3.45207947688636e-05,1.52612447181359e-05,2.2463399995145e-05,3.91924679978957e-06,5.33677452693763e-07,5.16503705204435e-07
5.55107201245164e-07,4.73613755655749e-07,4.37939235739168e-07,1.08213878403497e-07,2.34977378256457e-07,5.59813592540274e-07,3.27611575149485e-07,3.59907168481416e-07,4.91077334771907e-07,3.33265995656984e-07,3.74882535550419e-07,3.32857932430762e-07,2.75977874527006e-07,3.13638696638218e-07,3.51563245952454e-07,1.59610184853985e-07,4.40162974252138e-07,4.19352385102354e-07,2.98365035288003e-07,3.31790641648991e-07,3.58557117974634e-07,6.16053080448626e-07,1.85062673779729e-06,3.61384404021328e-06,1.82265031638099e-06,1.32229676016759e-06,1.30379505034649e-06,1.01215964949273e-06,5.24968645792757e-07,5.95384319339348e-07,4.41795413898346e-07,2.65328060612409e-07,2.5422339401171e-07,5.48290767307693e-06,3.57277626554804e-05,0.00010414502287246,7.42679473725875e-05,0.000116306031026006,8.52372784884382e-05,9.72425164564913e-05,6.00369526806518e-05,5.47306824646488e-05,2.68306267345955e-05,1.81530235589763e-05,8.14729794586011e-06,5.46466368114091e-06,1.12705684596479e-06,2.54881897116082e-07,5.30873701939396e-07
1.0226744053672e-07,8.24632899850088e-08,8.20886660736113e-08,4.49274599812239e-08,7.57204858988792e-08,8.67251695648518e-08,5.88286991567664e-08,9.24602191449886e-08,1.04212009273827e-07,7.34400957843919e-08,5.9117729318229e-08,6.46791333794098e-08,3.24644687419119e-08,5.38653914552006e-08,4.00828856484895e-08,5.20028411550626e-08,1.04770477040573e-07,9.21928132880929e-08,4.79124473125069e-08,6.63511864856185e-08,9.35925452096466e-08,1.24766954127114e-07,5.19664296380961e-07,1.52899477525866e-06,1.46370839977766e-06,5.55340829789385e-07,4.34431676958777e-07,2.11744458017658e-07,2.56582263240256e-07,1.78713223747273e-07,9.15263439190262e-08,7.1242046907095e-08,5.32669999479542e-08,6.40415230595278e-07,6.65405271027645e-06,1.08194157508792e-05,2.05187905273532e-05,1.1207437258644e-05,1.05982823037735e-05,2.53531786934265e-05,1.31088676661209e-05,5.67392358867731e-06,2.07801279572762e-06,2.11980559912553e-06,1.34391345558451e-06,3.72255882615983e-07,1.27425974718603e-07,3.96177074567041e-08,1.14528873411654e-07
