Variant,Label,CleanRecall,Noise10dBRecall,TestCount,Role
TI_ref_30_20_40_10,down,0.4,0,20,TI reference
TI_ref_30_20_40_10,go,0.25,0,20,TI reference
TI_ref_30_20_40_10,left,0.45,0,20,TI reference
TI_ref_30_20_40_10,no,0.3,0,20,TI reference
TI_ref_30_20_40_10,off,0.35,0,20,TI reference
TI_ref_30_20_40_10,on,0.25,0,20,TI reference
TI_ref_30_20_40_10,right,0.35,0,20,TI reference
TI_ref_30_20_40_10,stop,0.65,0,20,TI reference
TI_ref_30_20_40_10,up,0.25,0,20,TI reference
TI_ref_30_20_40_10,yes,0.45,0,20,TI reference
TI_ref_30_20_40_10,_unknown_,0,0,20,TI reference
TI_ref_30_20_40_10,_silence_,1,1,20,TI reference
MFCC_30_20_40_13,down,0.5,0,20,MFCC ablation
MFCC_30_20_40_13,go,0.2,0,20,MFCC ablation
MFCC_30_20_40_13,left,0.5,0,20,MFCC ablation
MFCC_30_20_40_13,no,0.35,0,20,MFCC ablation
MFCC_30_20_40_13,off,0.4,0,20,MFCC ablation
MFCC_30_20_40_13,on,0.2,0,20,MFCC ablation
MFCC_30_20_40_13,right,0.45,0,20,MFCC ablation
MFCC_30_20_40_13,stop,0.6,0,20,MFCC ablation
MFCC_30_20_40_13,up,0.25,0,20,MFCC ablation
MFCC_30_20_40_13,yes,0.4,0,20,MFCC ablation
MFCC_30_20_40_13,_unknown_,0,0,20,MFCC ablation
MFCC_30_20_40_13,_silence_,1,1,20,MFCC ablation
MFCC_30_10_40_10,down,0.45,0,20,MFCC ablation
MFCC_30_10_40_10,go,0.3,0,20,MFCC ablation
MFCC_30_10_40_10,left,0.4,0,20,MFCC ablation
MFCC_30_10_40_10,no,0.4,0,20,MFCC ablation
MFCC_30_10_40_10,off,0.3,0,20,MFCC ablation
MFCC_30_10_40_10,on,0.25,0,20,MFCC ablation
MFCC_30_10_40_10,right,0.35,0,20,MFCC ablation
MFCC_30_10_40_10,stop,0.7,0,20,MFCC ablation
MFCC_30_10_40_10,up,0.3,0,20,MFCC ablation
MFCC_30_10_40_10,yes,0.45,0,20,MFCC ablation
MFCC_30_10_40_10,_unknown_,0,0,20,MFCC ablation
MFCC_30_10_40_10,_silence_,1,1,20,MFCC ablation
MFCC_25_10_40_13,down,0.45,0,20,MFCC ablation
MFCC_25_10_40_13,go,0.2,0,20,MFCC ablation
MFCC_25_10_40_13,left,0.35,0,20,MFCC ablation
MFCC_25_10_40_13,no,0.3,0,20,MFCC ablation
MFCC_25_10_40_13,off,0.4,0,20,MFCC ablation
MFCC_25_10_40_13,on,0.25,0,20,MFCC ablation
MFCC_25_10_40_13,right,0.5,0,20,MFCC ablation
MFCC_25_10_40_13,stop,0.55,0,20,MFCC ablation
MFCC_25_10_40_13,up,0.25,0,20,MFCC ablation
MFCC_25_10_40_13,yes,0.45,0,20,MFCC ablation
MFCC_25_10_40_13,_unknown_,0,0,20,MFCC ablation
MFCC_25_10_40_13,_silence_,1,1,20,MFCC ablation
MFCC_TI_preemphasis,down,0.45,0,20,MFCC ablation
MFCC_TI_preemphasis,go,0.3,0,20,MFCC ablation
MFCC_TI_preemphasis,left,0.4,0,20,MFCC ablation
MFCC_TI_preemphasis,no,0.35,0,20,MFCC ablation
MFCC_TI_preemphasis,off,0.25,0,20,MFCC ablation
MFCC_TI_preemphasis,on,0.3,0,20,MFCC ablation
MFCC_TI_preemphasis,right,0.5,0,20,MFCC ablation
MFCC_TI_preemphasis,stop,0.7,0,20,MFCC ablation
MFCC_TI_preemphasis,up,0.25,0,20,MFCC ablation
MFCC_TI_preemphasis,yes,0.5,0,20,MFCC ablation
MFCC_TI_preemphasis,_unknown_,0,0,20,MFCC ablation
MFCC_TI_preemphasis,_silence_,1,1,20,MFCC ablation
MFCC_TI_CMN,down,0.2,0,20,MFCC ablation
MFCC_TI_CMN,go,0.45,0,20,MFCC ablation
MFCC_TI_CMN,left,0.45,0,20,MFCC ablation
MFCC_TI_CMN,no,0.45,0.1,20,MFCC ablation
MFCC_TI_CMN,off,0.4,0,20,MFCC ablation
MFCC_TI_CMN,on,0.25,0,20,MFCC ablation
MFCC_TI_CMN,right,0.55,0,20,MFCC ablation
MFCC_TI_CMN,stop,0.75,0,20,MFCC ablation
MFCC_TI_CMN,up,0.4,0.05,20,MFCC ablation
MFCC_TI_CMN,yes,0.7,0,20,MFCC ablation
MFCC_TI_CMN,_unknown_,0.05,0.05,20,MFCC ablation
MFCC_TI_CMN,_silence_,1,1,20,MFCC ablation
MFSC_40_20_20,down,0.55,0,20,literature comparator
MFSC_40_20_20,go,0.15,0,20,literature comparator
MFSC_40_20_20,left,0.35,0.2,20,literature comparator
MFSC_40_20_20,no,0.3,0,20,literature comparator
MFSC_40_20_20,off,0.1,0,20,literature comparator
MFSC_40_20_20,on,0.1,0.05,20,literature comparator
MFSC_40_20_20,right,0.1,0,20,literature comparator
MFSC_40_20_20,stop,0.3,0,20,literature comparator
MFSC_40_20_20,up,0.15,0,20,literature comparator
MFSC_40_20_20,yes,0.3,0,20,literature comparator
MFSC_40_20_20,_unknown_,0.05,0,20,literature comparator
MFSC_40_20_20,_silence_,1,1,20,literature comparator
