-126.450845623437,4.64571298064533,-0.473547462150618,-0.752891186484721,-1.72298015010765,-2.22584108676594,-1.83281568114135,-2.78572554750033,-1.4617521599554,-0.350860910642017
-112.392229346219,14.542030420834,2.64584724260459,-1.4399713993038,-2.35910410539955,-0.659867764110941,-1.41514493769879,-1.36514432970819,-1.87878360331093,-0.572188902260243
-102.764948912383,13.0806379111016,0.441570828327414,-0.00367527269413399,-3.92748228897347,-1.75679485934703,-3.92070666483962,-2.03977727375502,-1.62747602353844,0.678828929123915
-95.7495526559773,2.86968870698225,6.52323276120953,-3.08058016578797,-3.79169373516752,-4.49095072666581,-3.70149995594322,-2.56593808901864,-2.96531371457796,-1.1427551856731
-91.8536455770544,-1.69851683263582,5.20647271802907,0.695392377326201,-2.98124111116871,-4.09904399220003,-4.0570700706507,-0.492963770598687,-3.97536441841605,-2.85507423743251
-104.607734560605,7.34347680916343,2.79614680417396,-1.37997306041224,-3.98000474735696,-0.508778987699366,-1.60182274220212,-0.694731919123652,-2.3877401985474,-2.11737726685221
-110.147480032134,8.68690106515139,3.51179035516997,-1.02726592576579,-2.54235129935,1.34796334718457,-3.26577380786011,-0.242928912775955,-2.41570229187474,-1.79815059498153
-121.852130462229,-2.22027735687196,2.316481880827,0.626617920259873,-1.71598187560558,0.669267828493082,-1.17519769737268,0.314526016407141,-1.64583364049727,-0.447701211902706
-122.483184915295,-3.25809564894438,3.00035386044471,0.743926765669373,-1.05696917402591,0.757658297730763,-1.09288830450143,0.56041847036799,-0.491082379668115,-0.151869995870612
-121.709211594524,-2.4211401083076,2.6764249967574,1.46522332669759,-2.99732064084414,-0.92556734451368,-2.25716627233278,0.424060288132465,-1.11787883479053,-0.213787717618002
-121.614697525683,-1.7138837322341,0.535300769741473,0.366453746203553,-3.10560909702372,1.05859726379061,-0.663086091825223,0.239771550858918,0.674226010359117,1.82167994692264
-124.892496342502,1.53120711481705,1.73014834119625,-0.0770864890560025,-1.91151330829672,-0.681539612221283,-2.61186814915881,-1.86197734734403,-1.14829288107872,0.611519059046763
-123.555763555744,0.0743820433500427,0.630106352503786,-0.127597334793689,-3.4331539027429,-0.255990400873531,-1.0274221255821,-0.698876934268577,-1.71719452116115,1.24268592403582
-123.044389730894,1.00371533631141,1.04061196186373,-0.0319165091118096,-2.79625067152509,-2.6444554356023,-2.40138287929034,-0.639764422369148,-0.330925986655506,1.01365672571208
-121.70073526597,4.20442818786337,0.936567599627098,-2.68375731063422,-4.70845744642079,-1.74100382764165,-0.896916443572902,1.23593631723064,0.585671341532463,0.440297878369952
-90.8892994115606,14.150299248166,5.67207801718691,2.91373388716298,-8.42443108570983,-0.554742324715663,-0.833580430249631,-2.09426800160474,-0.482974927891486,-1.30436879759939
-77.7412183116211,16.444623152456,4.73525801697825,12.1131402035613,-5.67411499264715,-0.592683082646981,-1.90336525058846,-5.45964189164964,-1.64618327117188,-2.70944296900327
-65.3683043562378,15.2958788348773,-0.481664179326273,14.9325648212993,-5.88641631882875,-4.69807286186026,-3.35254443205901,-5.35052588706056,-0.570096732930729,-1.15426348447304
-58.1507880215572,15.5401065510779,-3.60427169554278,11.9443603929203,-2.61873559333829,-7.14848892694294,-3.17401565283242,-5.2020769331523,-0.966538398325961,-1.04143861371597
-53.6272237375173,15.5022625698162,-4.54259329006853,8.10823115897534,-2.03716109143539,-7.0869736643274,-3.54379602662734,-3.2434502617804,-0.580701036275512,-0.647590738028368
-51.9454310543871,15.8655894151268,-4.47501265570204,5.09452385070567,-3.72349774039912,-6.86448109974514,-4.8043849268462,-3.92195331905509,0.987279321652493,-0.64415587257428
-54.5447787156295,14.6380791511142,-3.83290995008878,4.79646871631393,-3.21428640971557,-5.93243393783658,-3.8019845533041,-1.8607056742125,1.53828211518639,0.38854615171671
-58.5906690787877,15.837504652103,-2.79709069391412,2.71347359979356,-3.44183817945012,-4.68405638886139,-3.91499991540737,-1.30740684887739,1.22466737983757,2.05628890628975
-62.4739797745521,15.2261867733542,-1.15725717351884,3.44150978104502,-4.54880012170258,-3.53213433173001,-3.15060615162637,-0.759381879486894,-0.516904597206378,0.112498817951235
-63.6931613574259,14.4297986034745,-0.790505110434089,4.16733329371997,-1.64162575067477,-1.49697017157692,-3.86560603732434,-1.1172119520433,-1.00830287481945,1.76655371255097
-64.7484793698357,10.3348633149501,2.21441911354069,2.40365846480573,-2.11696582023612,-0.595125215240278,-2.73963452998875,-0.457885828471958,-0.999534947165473,1.18331802223438
-60.2843925082026,1.61948648433235,6.18632621856139,2.06767000411648,-0.145275810559185,-1.23269037323952,-3.88588600732504,-1.18967520832179,-2.83472214912467,1.37307152652718
-64.2999613585889,-0.141511488782624,8.55211165905378,0.163488552736446,0.667687297837214,-1.93716035693396,-4.57450101513961,0.0498939278652225,-1.96042885993646,2.43854126054113
-66.0038325046777,-0.611071112322801,8.383010367526,2.10555024602899,0.415972298342237,-2.29064014486453,-4.96775201339682,-0.488285025455391,-2.56343171922376,2.04774140405456
-69.362853695184,-2.82752157988185,9.2856878870473,2.04596603028989,0.159372560736564,-2.08586536112179,-5.75124696507674,0.493512283149568,-0.718686146060626,3.07369369139585
-71.6109934761339,-3.60625737663685,8.69573340753708,2.56076579967452,0.771349199637531,-1.86565468187633,-6.25889652437192,0.791043308815353,-1.21717184566907,1.45256818631755
-76.309626086604,-6.31312058472177,7.98309729769053,2.88221182212072,1.24765091729815,0.125022628988201,-6.15877509348734,-1.06173213560625,-1.95868855949418,0.988818868787421
-76.2384666154659,-7.70341203470796,7.98008277614478,2.08716724766256,1.78379521310856,-1.60937726561139,-6.86734359710093,-0.640324996930656,-2.18068521333432,1.33375388271061
-79.5727814527392,-9.30871027284113,8.15118037239228,2.36563446744108,0.632569097046972,-1.15311553751798,-5.31861572952545,-0.847466626375312,-2.84161045532163,0.274350361090122
-82.187517077888,-10.2791176650338,8.07566122001447,0.572548793079077,-0.837166931562942,0.312769441560049,-4.91662577923841,-1.29586454674539,-2.39020348087253,1.0979999280361
-88.9108247463672,-11.8088227659501,6.70987083101441,-0.484779505141646,-1.72520756850316,0.651586664275464,-5.62569520591396,-2.82575487997914,-3.71414168404731,-0.937005978687921
-93.7928700030713,-10.6657610281931,7.02572858339741,-0.965925002723419,-3.06005038926762,0.622792783574472,-3.77035358417932,-0.774761134756719,-2.0277223720905,0.663207095230958
-97.2883417694237,-8.65784215876561,7.81389779140114,1.28924860196745,-1.34793168933148,2.440934153569,-2.11283870572586,-1.32153838961196,-1.985981164041,0.437857021102102
-117.649825549943,-4.99228366324501,4.55135034648351,1.35973383061537,-1.21467858338707,1.59811551040077,-0.703597149823103,1.04305101267178,-2.3487155736732,1.22978635439571
-122.619829601441,-4.44000229090307,2.77690821696777,0.242457991006614,-0.565237980786829,1.21441501234468,-1.8965800875563,0.67322201085329,-1.83011215931618,1.54000257730417
-121.936953847484,-2.21698318524626,1.83830758070052,-1.16837905507887,-0.656287397401357,1.8700761860467,-1.39279465500463,1.1626755104395,-1.76626400379298,1.10412226517144
-121.611306388598,-3.32068728551107,0.806249196293558,-1.3066226120447,-1.75355097135742,2.07695729850922,0.223420830985782,1.61066612441622,-1.39091661151433,-0.426079732762819
-121.701022089106,-1.67235788816026,0.0575159877981721,-0.376391440778372,-1.27354450553492,1.3467342151151,-0.0224003911659358,1.82787226578549,-0.645018315720936,-0.552562385431017
-121.000717546174,2.09412915712261,0.106827793720204,-1.66490899564749,-2.10751850242604,1.42016917719363,1.24477683695977,1.18896180154756,-0.564293501223213,-1.38442127788991
-119.939793938828,2.57589999885106,-0.092629003710342,0.0653917438526818,-1.17889668836645,0.273558463396629,0.670120320285909,1.52845213144279,-0.895568215909188,-0.62173678157636
-120.149725344079,2.49209967951106,-0.335010763381512,-1.09834068305644,-2.78536733477333,0.508652256799308,0.800357788604469,1.14442215374613,-1.08149543097233,0.155635374460363
-120.009738884679,2.350898630141,0.160072728957645,-0.0205140136106119,-2.00172800984997,0.925801898786194,-0.898381336235918,-0.151510836300662,-0.131532841256046,-0.228386027386859
-121.164070209325,5.01865397973077,-0.555694128937676,0.35039145686439,-0.925921980842048,-0.903975198376601,-0.872175001123097,0.268490270430275,-0.55265364650942,-0.0245343402375078
-121.338641577376,3.73669421657246,0.863027857546443,0.190240237402653,-0.87010360038393,-0.96682719186729,-1.05930409317676,-0.956624003214315,-1.65371817635124,-0.520690872425484
