Split,Label,SourceLabel,DatasetRelativeFile,OffsetSamples,Kind
train,down,down,down/b3bb4dd6_nohash_2.wav,0,file
train,down,down,down/f2898d06_nohash_4.wav,0,file
train,down,down,down/c4500713_nohash_1.wav,0,file
train,down,down,down/7f74626f_nohash_2.wav,0,file
train,down,down,down/71904de3_nohash_0.wav,0,file
train,down,down,down/c4e00ee9_nohash_0.wav,0,file
train,down,down,down/e76dd1ce_nohash_0.wav,0,file
train,down,down,down/9151f184_nohash_0.wav,0,file
train,down,down,down/f68160c0_nohash_2.wav,0,file
train,down,down,down/a55105d0_nohash_0.wav,0,file
train,down,down,down/878befa7_nohash_2.wav,0,file
train,down,down,down/b5552931_nohash_1.wav,0,file
train,down,down,down/6ef76186_nohash_3.wav,0,file
train,down,down,down/beb49c22_nohash_2.wav,0,file
train,down,down,down/52162b51_nohash_2.wav,0,file
train,down,down,down/ffd2ba2f_nohash_2.wav,0,file
train,down,down,down/333d7ddb_nohash_0.wav,0,file
train,down,down,down/f19c1390_nohash_3.wav,0,file
train,down,down,down/f9bdf10e_nohash_0.wav,0,file
train,down,down,down/6a2fb9a5_nohash_0.wav,0,file
train,down,down,down/31267b59_nohash_0.wav,0,file
train,down,down,down/4254621e_nohash_0.wav,0,file
train,down,down,down/dabd70c2_nohash_0.wav,0,file
train,down,down,down/00176480_nohash_0.wav,0,file
train,down,down,down/bd76a7fd_nohash_1.wav,0,file
train,down,down,down/ed032775_nohash_2.wav,0,file
train,down,down,down/274c008f_nohash_0.wav,0,file
train,down,down,down/e9287461_nohash_0.wav,0,file
train,down,down,down/1daa5ada_nohash_0.wav,0,file
train,down,down,down/b6d11c9b_nohash_0.wav,0,file
train,down,down,down/31e686d2_nohash_0.wav,0,file
train,down,down,down/4bb1244f_nohash_0.wav,0,file
train,down,down,down/4b25f620_nohash_0.wav,0,file
train,down,down,down/0ff728b5_nohash_1.wav,0,file
train,down,down,down/27c24504_nohash_1.wav,0,file
train,down,down,down/6ef407da_nohash_4.wav,0,file
train,down,down,down/61ab8fbc_nohash_3.wav,0,file
train,down,down,down/c0cb43d6_nohash_0.wav,0,file
train,down,down,down/f736ab63_nohash_3.wav,0,file
train,down,down,down/d98dd124_nohash_3.wav,0,file
train,down,down,down/3dfd6c23_nohash_1.wav,0,file
train,down,down,down/3b195250_nohash_2.wav,0,file
train,down,down,down/6565a81d_nohash_2.wav,0,file
train,down,down,down/1a994c9f_nohash_3.wav,0,file
train,down,down,down/97f493b9_nohash_0.wav,0,file
train,down,down,down/0717b9f6_nohash_1.wav,0,file
train,down,down,down/b544d4fd_nohash_0.wav,0,file
train,down,down,down/651d108f_nohash_2.wav,0,file
train,down,down,down/8d4cdc60_nohash_1.wav,0,file
train,down,down,down/3143fdff_nohash_0.wav,0,file
train,down,down,down/113b3fbc_nohash_1.wav,0,file
train,down,down,down/fa57ab3b_nohash_0.wav,0,file
train,down,down,down/5d9bb361_nohash_1.wav,0,file
train,down,down,down/a56859ea_nohash_0.wav,0,file
train,down,down,down/3291330e_nohash_3.wav,0,file
train,down,down,down/e9b61425_nohash_0.wav,0,file
train,down,down,down/b8874962_nohash_0.wav,0,file
train,down,down,down/050170cb_nohash_4.wav,0,file
train,down,down,down/90735d8b_nohash_0.wav,0,file
train,down,down,down/a489191a_nohash_4.wav,0,file
test,down,down,down/283d7a53_nohash_1.wav,0,file
test,down,down,down/837a0f64_nohash_0.wav,0,file
test,down,down,down/5ff3f9a1_nohash_0.wav,0,file
test,down,down,down/b49caed3_nohash_0.wav,0,file
test,down,down,down/d962e5ac_nohash_3.wav,0,file
test,down,down,down/893705bb_nohash_4.wav,0,file
test,down,down,down/5744b6a7_nohash_1.wav,0,file
test,down,down,down/5e3dde6b_nohash_1.wav,0,file
test,down,down,down/4c6167ca_nohash_1.wav,0,file
test,down,down,down/8ea6dec6_nohash_1.wav,0,file
test,down,down,down/aa233654_nohash_0.wav,0,file
test,down,down,down/adebe223_nohash_1.wav,0,file
test,down,down,down/9a69672b_nohash_4.wav,0,file
test,down,down,down/e0c782d5_nohash_3.wav,0,file
test,down,down,down/95ba4996_nohash_2.wav,0,file
test,down,down,down/d962e5ac_nohash_2.wav,0,file
test,down,down,down/8fe67225_nohash_2.wav,0,file
test,down,down,down/9a7c1f83_nohash_1.wav,0,file
test,down,down,down/fb7eb481_nohash_2.wav,0,file
test,down,down,down/9a7c1f83_nohash_0.wav,0,file
train,go,go,go/65d844fc_nohash_0.wav,0,file
train,go,go,go/3852fca2_nohash_1.wav,0,file
train,go,go,go/72e382bd_nohash_0.wav,0,file
train,go,go,go/ec989d6d_nohash_0.wav,0,file
train,go,go,go/a16013b7_nohash_2.wav,0,file
train,go,go,go/7c2a3fa4_nohash_1.wav,0,file
train,go,go,go/cdbd6969_nohash_1.wav,0,file
train,go,go,go/b84f83d2_nohash_0.wav,0,file
train,go,go,go/d71ad617_nohash_0.wav,0,file
train,go,go,go/cd671b5f_nohash_2.wav,0,file
train,go,go,go/2b5e346d_nohash_0.wav,0,file
train,go,go,go/8931f494_nohash_1.wav,0,file
train,go,go,go/ec989d6d_nohash_3.wav,0,file
train,go,go,go/28ce0c58_nohash_1.wav,0,file
train,go,go,go/d264f7b6_nohash_0.wav,0,file
train,go,go,go/acde7e73_nohash_0.wav,0,file
train,go,go,go/4a671512_nohash_0.wav,0,file
train,go,go,go/dce5041a_nohash_0.wav,0,file
train,go,go,go/71d0ded4_nohash_1.wav,0,file
train,go,go,go/cb72dfb6_nohash_2.wav,0,file
train,go,go,go/31270cb2_nohash_0.wav,0,file
train,go,go,go/c634a189_nohash_3.wav,0,file
train,go,go,go/2167c2ed_nohash_0.wav,0,file
train,go,go,go/c50f55b8_nohash_6.wav,0,file
train,go,go,go/a1e71565_nohash_0.wav,0,file
train,go,go,go/012c8314_nohash_1.wav,0,file
train,go,go,go/8eb4a1bf_nohash_2.wav,0,file
train,go,go,go/763188c4_nohash_1.wav,0,file
train,go,go,go/179a61b7_nohash_1.wav,0,file
train,go,go,go/bd76a7fd_nohash_3.wav,0,file
train,go,go,go/db7c95b0_nohash_1.wav,0,file
train,go,go,go/e9bc5cc2_nohash_4.wav,0,file
train,go,go,go/0717b9f6_nohash_2.wav,0,file
train,go,go,go/ea0cf37f_nohash_2.wav,0,file
train,go,go,go/07363607_nohash_1.wav,0,file
train,go,go,go/953fe1ad_nohash_1.wav,0,file
train,go,go,go/0f2442b6_nohash_0.wav,0,file
train,go,go,go/004ae714_nohash_0.wav,0,file
train,go,go,go/74b73f88_nohash_0.wav,0,file
train,go,go,go/dae01802_nohash_2.wav,0,file
train,go,go,go/85c5eaa0_nohash_1.wav,0,file
train,go,go,go/53458368_nohash_0.wav,0,file
train,go,go,go/4bc2c2c5_nohash_1.wav,0,file
train,go,go,go/7ab5b8f7_nohash_0.wav,0,file
train,go,go,go/ed032775_nohash_1.wav,0,file
train,go,go,go/3108acca_nohash_0.wav,0,file
train,go,go,go/8e523821_nohash_1.wav,0,file
train,go,go,go/fc3ba625_nohash_3.wav,0,file
train,go,go,go/31583d30_nohash_1.wav,0,file
train,go,go,go/2bdbe5f7_nohash_0.wav,0,file
train,go,go,go/ec32860c_nohash_0.wav,0,file
train,go,go,go/f6581345_nohash_0.wav,0,file
train,go,go,go/29dce108_nohash_0.wav,0,file
train,go,go,go/00970ce1_nohash_0.wav,0,file
train,go,go,go/2f813234_nohash_2.wav,0,file
train,go,go,go/8134f43f_nohash_3.wav,0,file
train,go,go,go/b087aa0e_nohash_1.wav,0,file
train,go,go,go/de89e2ca_nohash_0.wav,0,file
train,go,go,go/1cc80e39_nohash_0.wav,0,file
train,go,go,go/833d9f56_nohash_1.wav,0,file
test,go,go,go/7192fddc_nohash_0.wav,0,file
test,go,go,go/0d53e045_nohash_0.wav,0,file
test,go,go,go/1b4c9b89_nohash_2.wav,0,file
test,go,go,go/b97c9f77_nohash_2.wav,0,file
test,go,go,go/8fe67225_nohash_1.wav,0,file
test,go,go,go/37dca74f_nohash_2.wav,0,file
test,go,go,go/4c6167ca_nohash_0.wav,0,file
test,go,go,go/2005ca25_nohash_0.wav,0,file
test,go,go,go/cfbedff9_nohash_3.wav,0,file
test,go,go,go/fb7eb481_nohash_2.wav,0,file
test,go,go,go/94de6a6a_nohash_2.wav,0,file
test,go,go,go/b49caed3_nohash_0.wav,0,file
test,go,go,go/d962e5ac_nohash_2.wav,0,file
test,go,go,go/ca48dc76_nohash_0.wav,0,file
test,go,go,go/9a69672b_nohash_2.wav,0,file
test,go,go,go/837a0f64_nohash_3.wav,0,file
test,go,go,go/370844f7_nohash_0.wav,0,file
test,go,go,go/2d82a556_nohash_0.wav,0,file
test,go,go,go/964e8cfd_nohash_4.wav,0,file
test,go,go,go/26b28ea7_nohash_2.wav,0,file
train,left,left,left/72242187_nohash_3.wav,0,file
train,left,left,left/a77fbcfd_nohash_4.wav,0,file
train,left,left,left/5a3fc246_nohash_0.wav,0,file
train,left,left,left/0137b3f4_nohash_4.wav,0,file
train,left,left,left/2579e514_nohash_1.wav,0,file
train,left,left,left/3143fdff_nohash_0.wav,0,file
train,left,left,left/460209ac_nohash_2.wav,0,file
train,left,left,left/c0445658_nohash_0.wav,0,file
train,left,left,left/6bf5baf3_nohash_0.wav,0,file
train,left,left,left/15c563d7_nohash_2.wav,0,file
train,left,left,left/f2898d06_nohash_2.wav,0,file
train,left,left,left/03c96658_nohash_0.wav,0,file
train,left,left,left/bab36420_nohash_2.wav,0,file
train,left,left,left/7846fd85_nohash_4.wav,0,file
train,left,left,left/ef3367d9_nohash_6.wav,0,file
train,left,left,left/74241b28_nohash_2.wav,0,file
train,left,left,left/ec201020_nohash_3.wav,0,file
train,left,left,left/6e74c582_nohash_1.wav,0,file
train,left,left,left/cc3b5b62_nohash_3.wav,0,file
train,left,left,left/72320401_nohash_0.wav,0,file
train,left,left,left/30060aba_nohash_3.wav,0,file
train,left,left,left/aeb99b1c_nohash_1.wav,0,file
train,left,left,left/324210dd_nohash_2.wav,0,file
train,left,left,left/e2286c18_nohash_0.wav,0,file
train,left,left,left/0a9f9af7_nohash_0.wav,0,file
train,left,left,left/9886d8bf_nohash_4.wav,0,file
train,left,left,left/15dd287d_nohash_1.wav,0,file
train,left,left,left/53fd1780_nohash_1.wav,0,file
train,left,left,left/4c62312c_nohash_0.wav,0,file
train,left,left,left/b5cf6ea8_nohash_6.wav,0,file
train,left,left,left/bab36420_nohash_0.wav,0,file
train,left,left,left/8e523821_nohash_2.wav,0,file
train,left,left,left/f864cd4a_nohash_0.wav,0,file
train,left,left,left/bbc30633_nohash_0.wav,0,file
train,left,left,left/d264f7b6_nohash_2.wav,0,file
train,left,left,left/11321027_nohash_0.wav,0,file
train,left,left,left/f4f59743_nohash_1.wav,0,file
train,left,left,left/016e2c6d_nohash_0.wav,0,file
train,left,left,left/b528edb3_nohash_0.wav,0,file
train,left,left,left/363c6bad_nohash_2.wav,0,file
train,left,left,left/c392e01d_nohash_2.wav,0,file
train,left,left,left/ca4912b6_nohash_0.wav,0,file
train,left,left,left/825f450d_nohash_3.wav,0,file
train,left,left,left/bbc30633_nohash_2.wav,0,file
train,left,left,left/bde0f20a_nohash_0.wav,0,file
train,left,left,left/8b25410a_nohash_0.wav,0,file
train,left,left,left/28ce0c58_nohash_2.wav,0,file
train,left,left,left/a55105d0_nohash_2.wav,0,file
train,left,left,left/be7a5b2d_nohash_0.wav,0,file
train,left,left,left/7a5530c9_nohash_0.wav,0,file
train,left,left,left/52162b51_nohash_0.wav,0,file
train,left,left,left/24befdb3_nohash_0.wav,0,file
train,left,left,left/ee6163d5_nohash_0.wav,0,file
train,left,left,left/518588b6_nohash_1.wav,0,file
train,left,left,left/2f666bb2_nohash_1.wav,0,file
train,left,left,left/6ace4fe1_nohash_1.wav,0,file
train,left,left,left/0e6e36c9_nohash_0.wav,0,file
train,left,left,left/bd8412df_nohash_2.wav,0,file
train,left,left,left/f3d06008_nohash_0.wav,0,file
train,left,left,left/c0e8f5a1_nohash_0.wav,0,file
test,left,left,left/63f7a489_nohash_2.wav,0,file
test,left,left,left/97f4c236_nohash_0.wav,0,file
test,left,left,left/cfbedff9_nohash_3.wav,0,file
test,left,left,left/9dc1889e_nohash_0.wav,0,file
test,left,left,left/fb7eb481_nohash_0.wav,0,file
test,left,left,left/5c8af87a_nohash_2.wav,0,file
test,left,left,left/2796ac50_nohash_0.wav,0,file
test,left,left,left/aa80f517_nohash_2.wav,0,file
test,left,left,left/83957201_nohash_1.wav,0,file
test,left,left,left/3efef882_nohash_2.wav,0,file
test,left,left,left/cd85758f_nohash_3.wav,0,file
test,left,left,left/d962e5ac_nohash_2.wav,0,file
test,left,left,left/f428ca69_nohash_1.wav,0,file
test,left,left,left/3efef882_nohash_0.wav,0,file
test,left,left,left/c22d3f18_nohash_2.wav,0,file
test,left,left,left/7257420c_nohash_0.wav,0,file
test,left,left,left/95ba4996_nohash_0.wav,0,file
test,left,left,left/863880b7_nohash_0.wav,0,file
test,left,left,left/5c8af87a_nohash_1.wav,0,file
test,left,left,left/893705bb_nohash_8.wav,0,file
train,no,no,no/69a1a79f_nohash_1.wav,0,file
train,no,no,no/5d4e3bb8_nohash_2.wav,0,file
train,no,no,no/aeb99b1c_nohash_2.wav,0,file
train,no,no,no/de89e2ca_nohash_2.wav,0,file
train,no,no,no/dce5041a_nohash_2.wav,0,file
train,no,no,no/2f813234_nohash_0.wav,0,file
train,no,no,no/e9abfe31_nohash_2.wav,0,file
train,no,no,no/67bdbf56_nohash_2.wav,0,file
train,no,no,no/d9aa8c90_nohash_0.wav,0,file
train,no,no,no/6a497f80_nohash_1.wav,0,file
train,no,no,no/888a0c49_nohash_3.wav,0,file
train,no,no,no/6add0595_nohash_0.wav,0,file
train,no,no,no/38d78313_nohash_1.wav,0,file
train,no,no,no/b80d6c5e_nohash_0.wav,0,file
train,no,no,no/6d2d3b0d_nohash_2.wav,0,file
train,no,no,no/f798ac78_nohash_0.wav,0,file
train,no,no,no/62f05757_nohash_0.wav,0,file
train,no,no,no/f804cbb3_nohash_0.wav,0,file
train,no,no,no/9be15e93_nohash_4.wav,0,file
train,no,no,no/3b8406c0_nohash_1.wav,0,file
train,no,no,no/3bfd30e6_nohash_3.wav,0,file
train,no,no,no/9acd0254_nohash_0.wav,0,file
train,no,no,no/1b42b551_nohash_2.wav,0,file
train,no,no,no/50928b05_nohash_0.wav,0,file
train,no,no,no/b7a0754f_nohash_1.wav,0,file
train,no,no,no/d94eb94f_nohash_1.wav,0,file
train,no,no,no/20d779bf_nohash_1.wav,0,file
train,no,no,no/facd97c0_nohash_0.wav,0,file
train,no,no,no/735845ab_nohash_1.wav,0,file
train,no,no,no/bfaf2000_nohash_1.wav,0,file
train,no,no,no/8a28231e_nohash_0.wav,0,file
train,no,no,no/a16013b7_nohash_4.wav,0,file
train,no,no,no/a1cf7fd8_nohash_0.wav,0,file
train,no,no,no/57b38f48_nohash_0.wav,0,file
train,no,no,no/1fd85ee4_nohash_0.wav,0,file
train,no,no,no/dea820ce_nohash_3.wav,0,file
train,no,no,no/f2f0d244_nohash_4.wav,0,file
train,no,no,no/765ffccb_nohash_3.wav,0,file
train,no,no,no/460209ac_nohash_3.wav,0,file
train,no,no,no/14c7b073_nohash_4.wav,0,file
train,no,no,no/29fb33da_nohash_0.wav,0,file
train,no,no,no/d1dd03ed_nohash_3.wav,0,file
train,no,no,no/bbc30633_nohash_1.wav,0,file
train,no,no,no/a2cc5444_nohash_3.wav,0,file
train,no,no,no/de89e2ca_nohash_0.wav,0,file
train,no,no,no/5efb758c_nohash_0.wav,0,file
train,no,no,no/f875f965_nohash_0.wav,0,file
train,no,no,no/bd76a7fd_nohash_4.wav,0,file
train,no,no,no/0a196374_nohash_3.wav,0,file
train,no,no,no/b66f4f93_nohash_2.wav,0,file
train,no,no,no/e53139ad_nohash_2.wav,0,file
train,no,no,no/d394ef8e_nohash_3.wav,0,file
train,no,no,no/ceef6d96_nohash_4.wav,0,file
train,no,no,no/95fd5a0f_nohash_4.wav,0,file
train,no,no,no/d394ef8e_nohash_4.wav,0,file
train,no,no,no/fd5ccd39_nohash_1.wav,0,file
train,no,no,no/fb8c31a9_nohash_0.wav,0,file
train,no,no,no/a5d1becc_nohash_2.wav,0,file
train,no,no,no/459345ea_nohash_0.wav,0,file
train,no,no,no/15c563d7_nohash_3.wav,0,file
test,no,no,no/e71b4ce6_nohash_0.wav,0,file
test,no,no,no/beb458a4_nohash_0.wav,0,file
test,no,no,no/893705bb_nohash_3.wav,0,file
test,no,no,no/af8b2f2c_nohash_1.wav,0,file
test,no,no,no/2796ac50_nohash_0.wav,0,file
test,no,no,no/d5b963aa_nohash_4.wav,0,file
test,no,no,no/c518d1b1_nohash_0.wav,0,file
test,no,no,no/84d1e469_nohash_1.wav,0,file
test,no,no,no/f2e59fea_nohash_4.wav,0,file
test,no,no,no/5170b77f_nohash_3.wav,0,file
test,no,no,no/a2473d62_nohash_2.wav,0,file
test,no,no,no/4fd1443e_nohash_3.wav,0,file
test,no,no,no/1b4c9b89_nohash_2.wav,0,file
test,no,no,no/47d01978_nohash_0.wav,0,file
test,no,no,no/893705bb_nohash_10.wav,0,file
test,no,no,no/03401e93_nohash_1.wav,0,file
test,no,no,no/e1469561_nohash_0.wav,0,file
test,no,no,no/3b4f8f24_nohash_3.wav,0,file
test,no,no,no/cd85758f_nohash_3.wav,0,file
test,no,no,no/8fe52b97_nohash_1.wav,0,file
train,off,off,off/cc71bada_nohash_0.wav,0,file
train,off,off,off/1c3f50ad_nohash_0.wav,0,file
train,off,off,off/12529547_nohash_1.wav,0,file
train,off,off,off/39025b21_nohash_0.wav,0,file
train,off,off,off/559bc36a_nohash_1.wav,0,file
train,off,off,off/54ad8f22_nohash_3.wav,0,file
train,off,off,off/cc3b5b62_nohash_0.wav,0,file
train,off,off,off/4b25f620_nohash_0.wav,0,file
train,off,off,off/338dacf5_nohash_0.wav,0,file
train,off,off,off/51c5601d_nohash_1.wav,0,file
train,off,off,off/c948d727_nohash_2.wav,0,file
train,off,off,off/679463fc_nohash_3.wav,0,file
train,off,off,off/d278d8ef_nohash_3.wav,0,file
train,off,off,off/39a12648_nohash_0.wav,0,file
train,off,off,off/6ef407da_nohash_0.wav,0,file
train,off,off,off/a929f9b9_nohash_4.wav,0,file
train,off,off,off/0717b9f6_nohash_2.wav,0,file
train,off,off,off/eaa83485_nohash_4.wav,0,file
train,off,off,off/7b2e879e_nohash_1.wav,0,file
train,off,off,off/879a2b38_nohash_3.wav,0,file
train,off,off,off/9acd0254_nohash_0.wav,0,file
train,off,off,off/29fb33da_nohash_3.wav,0,file
train,off,off,off/e7ea8b76_nohash_0.wav,0,file
train,off,off,off/8c7b691a_nohash_0.wav,0,file
train,off,off,off/bbc30633_nohash_2.wav,0,file
train,off,off,off/ecbd8d66_nohash_0.wav,0,file
train,off,off,off/64574a99_nohash_0.wav,0,file
train,off,off,off/235b444f_nohash_3.wav,0,file
train,off,off,off/71904de3_nohash_0.wav,0,file
train,off,off,off/b59fa113_nohash_1.wav,0,file
train,off,off,off/e2008f39_nohash_0.wav,0,file
train,off,off,off/c7aaad67_nohash_0.wav,0,file
train,off,off,off/638548d5_nohash_0.wav,0,file
train,off,off,off/70a00e98_nohash_2.wav,0,file
train,off,off,off/c39703ec_nohash_3.wav,0,file
train,off,off,off/435f9f9e_nohash_0.wav,0,file
train,off,off,off/bb6d4301_nohash_2.wav,0,file
train,off,off,off/bfb10243_nohash_0.wav,0,file
train,off,off,off/31d68957_nohash_0.wav,0,file
train,off,off,off/15c371c7_nohash_0.wav,0,file
train,off,off,off/4fd4d073_nohash_0.wav,0,file
train,off,off,off/19785c4e_nohash_1.wav,0,file
train,off,off,off/978240e1_nohash_0.wav,0,file
train,off,off,off/2aca1e72_nohash_6.wav,0,file
train,off,off,off/173ce2be_nohash_2.wav,0,file
train,off,off,off/333784b7_nohash_1.wav,0,file
train,off,off,off/e8d562ca_nohash_2.wav,0,file
train,off,off,off/578d3efb_nohash_1.wav,0,file
train,off,off,off/b308773d_nohash_4.wav,0,file
train,off,off,off/8134f43f_nohash_2.wav,0,file
train,off,off,off/bab36420_nohash_2.wav,0,file
train,off,off,off/49f30eed_nohash_0.wav,0,file
train,off,off,off/a9abc695_nohash_0.wav,0,file
train,off,off,off/190821dc_nohash_1.wav,0,file
train,off,off,off/51055bda_nohash_0.wav,0,file
train,off,off,off/a55105d0_nohash_2.wav,0,file
train,off,off,off/7fb8d703_nohash_3.wav,0,file
train,off,off,off/baeac2ba_nohash_1.wav,0,file
train,off,off,off/459345ea_nohash_0.wav,0,file
train,off,off,off/87014d40_nohash_0.wav,0,file
test,off,off,off/ea356919_nohash_0.wav,0,file
test,off,off,off/db24628d_nohash_0.wav,0,file
test,off,off,off/adebe223_nohash_0.wav,0,file
test,off,off,off/8769c34c_nohash_4.wav,0,file
test,off,off,off/bfd26d6b_nohash_0.wav,0,file
test,off,off,off/189cbabe_nohash_3.wav,0,file
test,off,off,off/4c6167ca_nohash_5.wav,0,file
test,off,off,off/e1469561_nohash_1.wav,0,file
test,off,off,off/d9e9f554_nohash_0.wav,0,file
test,off,off,off/91b03183_nohash_0.wav,0,file
test,off,off,off/8769c34c_nohash_0.wav,0,file
test,off,off,off/692a88e6_nohash_3.wav,0,file
test,off,off,off/cc592808_nohash_0.wav,0,file
test,off,off,off/68dd409e_nohash_0.wav,0,file
test,off,off,off/8fe67225_nohash_1.wav,0,file
test,off,off,off/0c40e715_nohash_0.wav,0,file
test,off,off,off/f2e59fea_nohash_2.wav,0,file
test,off,off,off/553f1a79_nohash_0.wav,0,file
test,off,off,off/beb458a4_nohash_3.wav,0,file
test,off,off,off/0d53e045_nohash_2.wav,0,file
train,on,on,on/f68160c0_nohash_3.wav,0,file
train,on,on,on/c948d727_nohash_0.wav,0,file
train,on,on,on/6a014b29_nohash_0.wav,0,file
train,on,on,on/e0315cf6_nohash_4.wav,0,file
train,on,on,on/3b195250_nohash_4.wav,0,file
train,on,on,on/4c3cddb8_nohash_4.wav,0,file
train,on,on,on/195c120a_nohash_3.wav,0,file
train,on,on,on/937b433e_nohash_0.wav,0,file
train,on,on,on/9a2e5b3c_nohash_0.wav,0,file
train,on,on,on/61482e52_nohash_0.wav,0,file
train,on,on,on/ac4b3fc3_nohash_0.wav,0,file
train,on,on,on/953fe1ad_nohash_4.wav,0,file
train,on,on,on/16d41d07_nohash_0.wav,0,file
train,on,on,on/cd671b5f_nohash_3.wav,0,file
train,on,on,on/13dce503_nohash_0.wav,0,file
train,on,on,on/0cd323ec_nohash_0.wav,0,file
train,on,on,on/bd11c654_nohash_1.wav,0,file
train,on,on,on/b19f7f5f_nohash_0.wav,0,file
train,on,on,on/df038de4_nohash_1.wav,0,file
train,on,on,on/0585b66d_nohash_3.wav,0,file
train,on,on,on/834f03fe_nohash_1.wav,0,file
train,on,on,on/3f339c33_nohash_0.wav,0,file
train,on,on,on/0137b3f4_nohash_2.wav,0,file
train,on,on,on/eb0676ec_nohash_3.wav,0,file
train,on,on,on/333d7ddb_nohash_2.wav,0,file
train,on,on,on/c1e0e8e3_nohash_1.wav,0,file
train,on,on,on/833a0279_nohash_0.wav,0,file
train,on,on,on/ac7840d8_nohash_1.wav,0,file
train,on,on,on/5af0ca83_nohash_0.wav,0,file
train,on,on,on/40738a2d_nohash_3.wav,0,file
train,on,on,on/71d0ded4_nohash_2.wav,0,file
train,on,on,on/c692524d_nohash_0.wav,0,file
train,on,on,on/050170cb_nohash_3.wav,0,file
train,on,on,on/4995d875_nohash_0.wav,0,file
train,on,on,on/953fe1ad_nohash_0.wav,0,file
train,on,on,on/5de3f6cc_nohash_1.wav,0,file
train,on,on,on/b66f4f93_nohash_6.wav,0,file
train,on,on,on/71d0ded4_nohash_0.wav,0,file
train,on,on,on/821b64cc_nohash_0.wav,0,file
train,on,on,on/3291330e_nohash_3.wav,0,file
train,on,on,on/eaa83485_nohash_3.wav,0,file
train,on,on,on/1aeef15e_nohash_0.wav,0,file
train,on,on,on/3209ec42_nohash_1.wav,0,file
train,on,on,on/af790082_nohash_1.wav,0,file
train,on,on,on/df6bd83f_nohash_0.wav,0,file
train,on,on,on/d278d8ef_nohash_1.wav,0,file
train,on,on,on/ed3c2d05_nohash_1.wav,0,file
train,on,on,on/9fac5701_nohash_2.wav,0,file
train,on,on,on/652b3da7_nohash_0.wav,0,file
train,on,on,on/b7a0754f_nohash_2.wav,0,file
train,on,on,on/2f813234_nohash_1.wav,0,file
train,on,on,on/2bdbe5f7_nohash_3.wav,0,file
train,on,on,on/fd5ccd39_nohash_2.wav,0,file
train,on,on,on/dbb7723a_nohash_1.wav,0,file
train,on,on,on/d394ef8e_nohash_1.wav,0,file
train,on,on,on/833d9f56_nohash_4.wav,0,file
train,on,on,on/3a7d8872_nohash_1.wav,0,file
train,on,on,on/a2fefcb4_nohash_0.wav,0,file
train,on,on,on/95218ce8_nohash_1.wav,0,file
train,on,on,on/cce17a61_nohash_0.wav,0,file
test,on,on,on/8625475c_nohash_0.wav,0,file
test,on,on,on/e1469561_nohash_4.wav,0,file
test,on,on,on/ea356919_nohash_0.wav,0,file
test,on,on,on/4c841771_nohash_0.wav,0,file
test,on,on,on/e9901cf0_nohash_1.wav,0,file
test,on,on,on/5eb5fc74_nohash_0.wav,0,file
test,on,on,on/97f4c236_nohash_3.wav,0,file
test,on,on,on/a6f2fd71_nohash_3.wav,0,file
test,on,on,on/f2e59fea_nohash_0.wav,0,file
test,on,on,on/ca4d5368_nohash_1.wav,0,file
test,on,on,on/18f8afd5_nohash_0.wav,0,file
test,on,on,on/e0c782d5_nohash_1.wav,0,file
test,on,on,on/bfd26d6b_nohash_1.wav,0,file
test,on,on,on/692a88e6_nohash_1.wav,0,file
test,on,on,on/1acc97de_nohash_1.wav,0,file
test,on,on,on/893705bb_nohash_12.wav,0,file
test,on,on,on/893705bb_nohash_8.wav,0,file
test,on,on,on/b97c9f77_nohash_1.wav,0,file
test,on,on,on/37dca74f_nohash_2.wav,0,file
test,on,on,on/5c8af87a_nohash_3.wav,0,file
train,right,right,right/418e7158_nohash_0.wav,0,file
train,right,right,right/25132942_nohash_3.wav,0,file
train,right,right,right/f852895b_nohash_2.wav,0,file
train,right,right,right/cc4f9250_nohash_2.wav,0,file
train,right,right,right/90e72357_nohash_2.wav,0,file
train,right,right,right/2275edbb_nohash_0.wav,0,file
train,right,right,right/bbf38549_nohash_2.wav,0,file
train,right,right,right/2e30f9a5_nohash_0.wav,0,file
train,right,right,right/ab46af55_nohash_3.wav,0,file
train,right,right,right/834f03fe_nohash_1.wav,0,file
train,right,right,right/a95dbfd4_nohash_0.wav,0,file
train,right,right,right/9ff1b8b6_nohash_0.wav,0,file
train,right,right,right/fd5ccd39_nohash_3.wav,0,file
train,right,right,right/89e59d18_nohash_0.wav,0,file
train,right,right,right/e9bc5cc2_nohash_3.wav,0,file
train,right,right,right/2a1f4853_nohash_0.wav,0,file
train,right,right,right/578d3efb_nohash_3.wav,0,file
train,right,right,right/6bf5baf3_nohash_2.wav,0,file
train,right,right,right/f736ab63_nohash_4.wav,0,file
train,right,right,right/9f4098cb_nohash_0.wav,0,file
train,right,right,right/eb609143_nohash_1.wav,0,file
train,right,right,right/33246bc2_nohash_1.wav,0,file
train,right,right,right/cd671b5f_nohash_0.wav,0,file
train,right,right,right/333784b7_nohash_4.wav,0,file
train,right,right,right/a1c63f25_nohash_0.wav,0,file
train,right,right,right/06a79a03_nohash_1.wav,0,file
train,right,right,right/24694eb6_nohash_2.wav,0,file
train,right,right,right/b0f5b16d_nohash_2.wav,0,file
train,right,right,right/a1cff772_nohash_2.wav,0,file
train,right,right,right/a1cf7fd8_nohash_0.wav,0,file
train,right,right,right/3c1e12cf_nohash_0.wav,0,file
train,right,right,right/3c257192_nohash_4.wav,0,file
train,right,right,right/07089da9_nohash_1.wav,0,file
train,right,right,right/cce7416f_nohash_4.wav,0,file
train,right,right,right/3e31dffe_nohash_2.wav,0,file
train,right,right,right/05d18852_nohash_0.wav,0,file
train,right,right,right/b8874962_nohash_2.wav,0,file
train,right,right,right/2e75d37a_nohash_0.wav,0,file
train,right,right,right/6e41a77e_nohash_1.wav,0,file
train,right,right,right/54b6d355_nohash_1.wav,0,file
train,right,right,right/f5733968_nohash_2.wav,0,file
train,right,right,right/2bd2cad5_nohash_0.wav,0,file
train,right,right,right/c7aaad67_nohash_1.wav,0,file
train,right,right,right/742d6431_nohash_3.wav,0,file
train,right,right,right/3589bc72_nohash_1.wav,0,file
train,right,right,right/b8874962_nohash_0.wav,0,file
train,right,right,right/24694eb6_nohash_1.wav,0,file
train,right,right,right/9ff2d2f4_nohash_0.wav,0,file
train,right,right,right/ef3367d9_nohash_0.wav,0,file
train,right,right,right/57de2379_nohash_0.wav,0,file
train,right,right,right/29dce108_nohash_2.wav,0,file
train,right,right,right/a5609cce_nohash_2.wav,0,file
train,right,right,right/fa44fcf5_nohash_2.wav,0,file
train,right,right,right/9b027ecf_nohash_0.wav,0,file
train,right,right,right/a7acbbeb_nohash_2.wav,0,file
train,right,right,right/28e47b1a_nohash_2.wav,0,file
train,right,right,right/f216055e_nohash_1.wav,0,file
train,right,right,right/25132942_nohash_0.wav,0,file
train,right,right,right/dc269564_nohash_1.wav,0,file
train,right,right,right/321aba74_nohash_1.wav,0,file
test,right,right,right/fb7eb481_nohash_0.wav,0,file
test,right,right,right/e41a903b_nohash_4.wav,0,file
test,right,right,right/fdb5155e_nohash_1.wav,0,file
test,right,right,right/8769c34c_nohash_3.wav,0,file
test,right,right,right/893705bb_nohash_5.wav,0,file
test,right,right,right/d7467392_nohash_0.wav,0,file
test,right,right,right/ca4d5368_nohash_2.wav,0,file
test,right,right,right/b49caed3_nohash_3.wav,0,file
test,right,right,right/5f814c23_nohash_2.wav,0,file
test,right,right,right/4a0e2c16_nohash_0.wav,0,file
test,right,right,right/fdb5155e_nohash_0.wav,0,file
test,right,right,right/210f3aa9_nohash_0.wav,0,file
test,right,right,right/e0c782d5_nohash_4.wav,0,file
test,right,right,right/bb05582b_nohash_0.wav,0,file
test,right,right,right/8fe67225_nohash_0.wav,0,file
test,right,right,right/b7e9f841_nohash_0.wav,0,file
test,right,right,right/37fc5d97_nohash_2.wav,0,file
test,right,right,right/a7216980_nohash_2.wav,0,file
test,right,right,right/412c675c_nohash_0.wav,0,file
test,right,right,right/2aa787cf_nohash_0.wav,0,file
train,stop,stop,stop/6166ae21_nohash_0.wav,0,file
train,stop,stop,stop/61ab8fbc_nohash_1.wav,0,file
train,stop,stop,stop/35d1b6ee_nohash_2.wav,0,file
train,stop,stop,stop/620ff0fa_nohash_0.wav,0,file
train,stop,stop,stop/2313e093_nohash_2.wav,0,file
train,stop,stop,stop/8e523821_nohash_3.wav,0,file
train,stop,stop,stop/71e6ab20_nohash_2.wav,0,file
train,stop,stop,stop/4f781a59_nohash_0.wav,0,file
train,stop,stop,stop/30060aba_nohash_1.wav,0,file
train,stop,stop,stop/11321027_nohash_1.wav,0,file
train,stop,stop,stop/fa57ab3b_nohash_3.wav,0,file
train,stop,stop,stop/81332c92_nohash_1.wav,0,file
train,stop,stop,stop/6727b579_nohash_3.wav,0,file
train,stop,stop,stop/8c888bbb_nohash_0.wav,0,file
train,stop,stop,stop/b66f4f93_nohash_3.wav,0,file
train,stop,stop,stop/0a2b400e_nohash_0.wav,0,file
train,stop,stop,stop/24befdb3_nohash_1.wav,0,file
train,stop,stop,stop/4bb1244f_nohash_0.wav,0,file
train,stop,stop,stop/ed032775_nohash_3.wav,0,file
train,stop,stop,stop/e3e0f145_nohash_4.wav,0,file
train,stop,stop,stop/bab36420_nohash_2.wav,0,file
train,stop,stop,stop/ebdd0f59_nohash_1.wav,0,file
train,stop,stop,stop/3777c08e_nohash_0.wav,0,file
train,stop,stop,stop/6c429c7b_nohash_0.wav,0,file
train,stop,stop,stop/9f92fb7c_nohash_1.wav,0,file
train,stop,stop,stop/24a3e589_nohash_0.wav,0,file
train,stop,stop,stop/0b7ee1a0_nohash_0.wav,0,file
train,stop,stop,stop/9a8d8d34_nohash_3.wav,0,file
train,stop,stop,stop/144d27ff_nohash_1.wav,0,file
train,stop,stop,stop/4cee0c60_nohash_4.wav,0,file
train,stop,stop,stop/f9bdf10e_nohash_0.wav,0,file
train,stop,stop,stop/d264f7b6_nohash_3.wav,0,file
train,stop,stop,stop/6904f0cb_nohash_0.wav,0,file
train,stop,stop,stop/18ffa72d_nohash_1.wav,0,file
train,stop,stop,stop/4cee0c60_nohash_0.wav,0,file
train,stop,stop,stop/e53139ad_nohash_2.wav,0,file
train,stop,stop,stop/3bb68054_nohash_2.wav,0,file
train,stop,stop,stop/712e4d58_nohash_1.wav,0,file
train,stop,stop,stop/6f2c6f7e_nohash_1.wav,0,file
train,stop,stop,stop/42a99aec_nohash_0.wav,0,file
train,stop,stop,stop/c50f55b8_nohash_5.wav,0,file
train,stop,stop,stop/ed032775_nohash_2.wav,0,file
train,stop,stop,stop/18e910f4_nohash_4.wav,0,file
train,stop,stop,stop/6f7724f5_nohash_0.wav,0,file
train,stop,stop,stop/bbc30633_nohash_2.wav,0,file
train,stop,stop,stop/8281a2a8_nohash_0.wav,0,file
train,stop,stop,stop/234ab0fb_nohash_0.wav,0,file
train,stop,stop,stop/88053e92_nohash_2.wav,0,file
train,stop,stop,stop/eb609143_nohash_0.wav,0,file
train,stop,stop,stop/9aa21fa9_nohash_1.wav,0,file
train,stop,stop,stop/ed032775_nohash_1.wav,0,file
train,stop,stop,stop/365908bd_nohash_3.wav,0,file
train,stop,stop,stop/1b42b551_nohash_2.wav,0,file
train,stop,stop,stop/f68160c0_nohash_1.wav,0,file
train,stop,stop,stop/8a56f36e_nohash_0.wav,0,file
train,stop,stop,stop/b93528e3_nohash_1.wav,0,file
train,stop,stop,stop/0bd689d7_nohash_0.wav,0,file
train,stop,stop,stop/4c6944d6_nohash_1.wav,0,file
train,stop,stop,stop/8134f43f_nohash_0.wav,0,file
train,stop,stop,stop/61abbf52_nohash_1.wav,0,file
test,stop,stop,stop/f9643d42_nohash_0.wav,0,file
test,stop,stop,stop/f9643d42_nohash_2.wav,0,file
test,stop,stop,stop/893705bb_nohash_20.wav,0,file
test,stop,stop,stop/893705bb_nohash_3.wav,0,file
test,stop,stop,stop/9a69672b_nohash_1.wav,0,file
test,stop,stop,stop/9a69672b_nohash_3.wav,0,file
test,stop,stop,stop/893705bb_nohash_15.wav,0,file
test,stop,stop,stop/e1469561_nohash_2.wav,0,file
test,stop,stop,stop/9d171fee_nohash_0.wav,0,file
test,stop,stop,stop/5e3dde6b_nohash_3.wav,0,file
test,stop,stop,stop/bb05582b_nohash_2.wav,0,file
test,stop,stop,stop/18f8afd5_nohash_0.wav,0,file
test,stop,stop,stop/a7216980_nohash_2.wav,0,file
test,stop,stop,stop/ca4d5368_nohash_1.wav,0,file
test,stop,stop,stop/e0c782d5_nohash_2.wav,0,file
test,stop,stop,stop/e0c782d5_nohash_4.wav,0,file
test,stop,stop,stop/9dc1889e_nohash_1.wav,0,file
test,stop,stop,stop/a4e8a997_nohash_1.wav,0,file
test,stop,stop,stop/3df9a3d4_nohash_0.wav,0,file
test,stop,stop,stop/0fa1e7a9_nohash_0.wav,0,file
train,up,up,up/4cee0c60_nohash_4.wav,0,file
train,up,up,up/f0ac2522_nohash_0.wav,0,file
train,up,up,up/f5733968_nohash_0.wav,0,file
train,up,up,up/380abbad_nohash_0.wav,0,file
train,up,up,up/f68160c0_nohash_1.wav,0,file
train,up,up,up/d933bf5e_nohash_0.wav,0,file
train,up,up,up/f953e1af_nohash_1.wav,0,file
train,up,up,up/7f208e83_nohash_0.wav,0,file
train,up,up,up/9b8a7439_nohash_0.wav,0,file
train,up,up,up/de08912f_nohash_0.wav,0,file
train,up,up,up/27c24504_nohash_2.wav,0,file
train,up,up,up/106a6183_nohash_0.wav,0,file
train,up,up,up/57152045_nohash_3.wav,0,file
train,up,up,up/b414c653_nohash_1.wav,0,file
train,up,up,up/2aca1e72_nohash_0.wav,0,file
train,up,up,up/3bfd30e6_nohash_1.wav,0,file
train,up,up,up/508e30ee_nohash_3.wav,0,file
train,up,up,up/c71e3acc_nohash_0.wav,0,file
train,up,up,up/61d3e51e_nohash_0.wav,0,file
train,up,up,up/62ccd358_nohash_0.wav,0,file
train,up,up,up/4e99c1b7_nohash_0.wav,0,file
train,up,up,up/29fb33da_nohash_3.wav,0,file
train,up,up,up/1fd85ee4_nohash_0.wav,0,file
train,up,up,up/bdd22e4d_nohash_2.wav,0,file
train,up,up,up/24a3e589_nohash_0.wav,0,file
train,up,up,up/0a7c2a8d_nohash_1.wav,0,file
train,up,up,up/c727b558_nohash_0.wav,0,file
train,up,up,up/f810e799_nohash_0.wav,0,file
train,up,up,up/e269bac0_nohash_0.wav,0,file
train,up,up,up/f5733968_nohash_4.wav,0,file
train,up,up,up/30137d34_nohash_0.wav,0,file
train,up,up,up/87c62767_nohash_0.wav,0,file
train,up,up,up/4bba14ce_nohash_0.wav,0,file
train,up,up,up/b87bdb22_nohash_0.wav,0,file
train,up,up,up/617aeb6c_nohash_1.wav,0,file
train,up,up,up/1b88bf70_nohash_1.wav,0,file
train,up,up,up/54412eae_nohash_0.wav,0,file
train,up,up,up/c93d5e22_nohash_0.wav,0,file
train,up,up,up/8c888bbb_nohash_0.wav,0,file
train,up,up,up/cd7f8c1b_nohash_2.wav,0,file
train,up,up,up/9886d8bf_nohash_0.wav,0,file
train,up,up,up/d394ef8e_nohash_1.wav,0,file
train,up,up,up/229978fd_nohash_0.wav,0,file
train,up,up,up/11379f4d_nohash_0.wav,0,file
train,up,up,up/66041c69_nohash_1.wav,0,file
train,up,up,up/332d33b1_nohash_3.wav,0,file
train,up,up,up/9c59dd28_nohash_0.wav,0,file
train,up,up,up/1ba20be2_nohash_0.wav,0,file
train,up,up,up/9886d8bf_nohash_4.wav,0,file
train,up,up,up/f035e2ea_nohash_0.wav,0,file
train,up,up,up/617de221_nohash_2.wav,0,file
train,up,up,up/1c3f50ad_nohash_1.wav,0,file
train,up,up,up/f42e234b_nohash_0.wav,0,file
train,up,up,up/15dd287d_nohash_3.wav,0,file
train,up,up,up/f9bdf10e_nohash_1.wav,0,file
train,up,up,up/321aba74_nohash_1.wav,0,file
train,up,up,up/1a892463_nohash_0.wav,0,file
train,up,up,up/d98dd124_nohash_0.wav,0,file
train,up,up,up/74b73f88_nohash_0.wav,0,file
train,up,up,up/f7879738_nohash_0.wav,0,file
test,up,up,up/b49caed3_nohash_0.wav,0,file
test,up,up,up/d0faf7e4_nohash_2.wav,0,file
test,up,up,up/e0c782d5_nohash_3.wav,0,file
test,up,up,up/87070229_nohash_0.wav,0,file
test,up,up,up/3b4f8f24_nohash_0.wav,0,file
test,up,up,up/837a0f64_nohash_0.wav,0,file
test,up,up,up/881583a6_nohash_0.wav,0,file
test,up,up,up/68dd409e_nohash_1.wav,0,file
test,up,up,up/893705bb_nohash_8.wav,0,file
test,up,up,up/f2e59fea_nohash_1.wav,0,file
test,up,up,up/893705bb_nohash_14.wav,0,file
test,up,up,up/412c675c_nohash_0.wav,0,file
test,up,up,up/8ea6dec6_nohash_0.wav,0,file
test,up,up,up/85d2ac4b_nohash_1.wav,0,file
test,up,up,up/94de6a6a_nohash_2.wav,0,file
test,up,up,up/cd85758f_nohash_0.wav,0,file
test,up,up,up/8494fba8_nohash_0.wav,0,file
test,up,up,up/c518d1b1_nohash_0.wav,0,file
test,up,up,up/8625475c_nohash_0.wav,0,file
test,up,up,up/aa80f517_nohash_1.wav,0,file
train,yes,yes,yes/60472d26_nohash_0.wav,0,file
train,yes,yes,yes/f953e1af_nohash_4.wav,0,file
train,yes,yes,yes/1496195a_nohash_0.wav,0,file
train,yes,yes,yes/a8cb6dda_nohash_0.wav,0,file
train,yes,yes,yes/7846fd85_nohash_1.wav,0,file
train,yes,yes,yes/833d9f56_nohash_2.wav,0,file
train,yes,yes,yes/3a182c98_nohash_0.wav,0,file
train,yes,yes,yes/f35eedd7_nohash_0.wav,0,file
train,yes,yes,yes/f30285c8_nohash_2.wav,0,file
train,yes,yes,yes/211b928a_nohash_2.wav,0,file
train,yes,yes,yes/3847619e_nohash_0.wav,0,file
train,yes,yes,yes/44e9d8d2_nohash_0.wav,0,file
train,yes,yes,yes/b72e58c9_nohash_0.wav,0,file
train,yes,yes,yes/679463fc_nohash_4.wav,0,file
train,yes,yes,yes/e0315cf6_nohash_4.wav,0,file
train,yes,yes,yes/29dce108_nohash_1.wav,0,file
train,yes,yes,yes/0d90d8e1_nohash_0.wav,0,file
train,yes,yes,yes/e57abea3_nohash_0.wav,0,file
train,yes,yes,yes/042186b8_nohash_0.wav,0,file
train,yes,yes,yes/235b444f_nohash_3.wav,0,file
train,yes,yes,yes/6aa8def4_nohash_2.wav,0,file
train,yes,yes,yes/0a196374_nohash_1.wav,0,file
train,yes,yes,yes/676f8138_nohash_4.wav,0,file
train,yes,yes,yes/01bb6a2a_nohash_2.wav,0,file
train,yes,yes,yes/2bdbe5f7_nohash_3.wav,0,file
train,yes,yes,yes/190821dc_nohash_0.wav,0,file
train,yes,yes,yes/3c1e12cf_nohash_1.wav,0,file
train,yes,yes,yes/113b3fbc_nohash_1.wav,0,file
train,yes,yes,yes/824e8ce5_nohash_1.wav,0,file
train,yes,yes,yes/3589bc72_nohash_3.wav,0,file
train,yes,yes,yes/332d33b1_nohash_2.wav,0,file
train,yes,yes,yes/d1dd03ed_nohash_0.wav,0,file
train,yes,yes,yes/7be9f58a_nohash_0.wav,0,file
train,yes,yes,yes/9fac5701_nohash_4.wav,0,file
train,yes,yes,yes/c1e0e8e3_nohash_3.wav,0,file
train,yes,yes,yes/b66f4f93_nohash_3.wav,0,file
train,yes,yes,yes/84999496_nohash_1.wav,0,file
train,yes,yes,yes/61482e52_nohash_0.wav,0,file
train,yes,yes,yes/85b877b5_nohash_0.wav,0,file
train,yes,yes,yes/3291330e_nohash_3.wav,0,file
train,yes,yes,yes/25e95412_nohash_3.wav,0,file
train,yes,yes,yes/b2ae3928_nohash_1.wav,0,file
train,yes,yes,yes/a928cc5b_nohash_0.wav,0,file
train,yes,yes,yes/ca4912b6_nohash_4.wav,0,file
train,yes,yes,yes/27c24504_nohash_2.wav,0,file
train,yes,yes,yes/435695e3_nohash_1.wav,0,file
train,yes,yes,yes/6ef407da_nohash_4.wav,0,file
train,yes,yes,yes/6414258b_nohash_0.wav,0,file
train,yes,yes,yes/0ba018fc_nohash_3.wav,0,file
train,yes,yes,yes/0819edb0_nohash_0.wav,0,file
train,yes,yes,yes/cc4f9250_nohash_3.wav,0,file
train,yes,yes,yes/4def68db_nohash_0.wav,0,file
train,yes,yes,yes/46a153d8_nohash_2.wav,0,file
train,yes,yes,yes/89947bd7_nohash_1.wav,0,file
train,yes,yes,yes/270bfa52_nohash_1.wav,0,file
train,yes,yes,yes/c4e00ee9_nohash_2.wav,0,file
train,yes,yes,yes/508e30ee_nohash_6.wav,0,file
train,yes,yes,yes/6727b579_nohash_4.wav,0,file
train,yes,yes,yes/834f03fe_nohash_2.wav,0,file
train,yes,yes,yes/197f4153_nohash_1.wav,0,file
test,yes,yes,yes/5c8af87a_nohash_0.wav,0,file
test,yes,yes,yes/ad6a46f1_nohash_0.wav,0,file
test,yes,yes,yes/d0faf7e4_nohash_1.wav,0,file
test,yes,yes,yes/aa233654_nohash_0.wav,0,file
test,yes,yes,yes/5f814c23_nohash_1.wav,0,file
test,yes,yes,yes/a7216980_nohash_2.wav,0,file
test,yes,yes,yes/4290ca61_nohash_0.wav,0,file
test,yes,yes,yes/9a7c1f83_nohash_5.wav,0,file
test,yes,yes,yes/c7124b73_nohash_0.wav,0,file
test,yes,yes,yes/caedb73a_nohash_0.wav,0,file
test,yes,yes,yes/4c6167ca_nohash_3.wav,0,file
test,yes,yes,yes/653a48f5_nohash_0.wav,0,file
test,yes,yes,yes/e71b4ce6_nohash_0.wav,0,file
test,yes,yes,yes/37dca74f_nohash_2.wav,0,file
test,yes,yes,yes/82b99576_nohash_0.wav,0,file
test,yes,yes,yes/2d82a556_nohash_0.wav,0,file
test,yes,yes,yes/4fd1443e_nohash_2.wav,0,file
test,yes,yes,yes/d0faf7e4_nohash_4.wav,0,file
test,yes,yes,yes/9a69672b_nohash_3.wav,0,file
test,yes,yes,yes/d962e5ac_nohash_3.wav,0,file
train,_unknown_,two,two/30f31e42_nohash_0.wav,0,file
train,_unknown_,zero,zero/6565a81d_nohash_2.wav,0,file
train,_unknown_,six,six/db7c95b0_nohash_0.wav,0,file
train,_unknown_,marvin,marvin/dfb6450b_nohash_0.wav,0,file
train,_unknown_,backward,backward/2fee065a_nohash_0.wav,0,file
train,_unknown_,house,house/b665723d_nohash_0.wav,0,file
train,_unknown_,learn,learn/62f05757_nohash_3.wav,0,file
train,_unknown_,two,two/3565ca83_nohash_0.wav,0,file
train,_unknown_,eight,eight/d53e25ba_nohash_0.wav,0,file
train,_unknown_,dog,dog/cba7f985_nohash_0.wav,0,file
train,_unknown_,zero,zero/ca58a8c6_nohash_0.wav,0,file
train,_unknown_,house,house/bd11c654_nohash_1.wav,0,file
train,_unknown_,bird,bird/765ffccb_nohash_0.wav,0,file
train,_unknown_,marvin,marvin/8c780627_nohash_0.wav,0,file
train,_unknown_,seven,seven/bd76a7fd_nohash_0.wav,0,file
train,_unknown_,nine,nine/321aba74_nohash_4.wav,0,file
train,_unknown_,backward,backward/3a3ee7ed_nohash_0.wav,0,file
train,_unknown_,wow,wow/ad340ed7_nohash_0.wav,0,file
train,_unknown_,follow,follow/c2dccf38_nohash_2.wav,0,file
train,_unknown_,nine,nine/0c5027de_nohash_1.wav,0,file
train,_unknown_,one,one/fbb2f6cc_nohash_1.wav,0,file
train,_unknown_,tree,tree/66041c69_nohash_1.wav,0,file
train,_unknown_,sheila,sheila/b544d4fd_nohash_0.wav,0,file
train,_unknown_,nine,nine/9a8d8d34_nohash_0.wav,0,file
train,_unknown_,six,six/7e783e3f_nohash_0.wav,0,file
train,_unknown_,three,three/10627519_nohash_1.wav,0,file
train,_unknown_,cat,cat/2aec99ec_nohash_0.wav,0,file
train,_unknown_,one,one/21cbe292_nohash_2.wav,0,file
train,_unknown_,bed,bed/0c2ca723_nohash_1.wav,0,file
train,_unknown_,dog,dog/ff0e27c3_nohash_0.wav,0,file
train,_unknown_,six,six/56cd307a_nohash_0.wav,0,file
train,_unknown_,follow,follow/69a1a79f_nohash_3.wav,0,file
train,_unknown_,four,four/84bf12ff_nohash_2.wav,0,file
train,_unknown_,six,six/cce7416f_nohash_7.wav,0,file
train,_unknown_,backward,backward/6565a81d_nohash_1.wav,0,file
train,_unknown_,visual,visual/0ba018fc_nohash_4.wav,0,file
train,_unknown_,bird,bird/a1cff772_nohash_0.wav,0,file
train,_unknown_,house,house/71f9bba8_nohash_0.wav,0,file
train,_unknown_,nine,nine/3e6e5b0f_nohash_0.wav,0,file
train,_unknown_,bed,bed/da76aa58_nohash_1.wav,0,file
train,_unknown_,zero,zero/857366dd_nohash_0.wav,0,file
train,_unknown_,four,four/e7117d00_nohash_1.wav,0,file
train,_unknown_,backward,backward/b2ae3928_nohash_2.wav,0,file
train,_unknown_,seven,seven/af30314d_nohash_0.wav,0,file
train,_unknown_,eight,eight/b6026214_nohash_0.wav,0,file
train,_unknown_,happy,happy/023a61ad_nohash_0.wav,0,file
train,_unknown_,tree,tree/e98cb283_nohash_0.wav,0,file
train,_unknown_,wow,wow/6ac35824_nohash_0.wav,0,file
train,_unknown_,two,two/042a8dde_nohash_3.wav,0,file
train,_unknown_,cat,cat/f33660af_nohash_1.wav,0,file
train,_unknown_,learn,learn/42a99aec_nohash_1.wav,0,file
train,_unknown_,four,four/6fb3d5a7_nohash_2.wav,0,file
train,_unknown_,six,six/1b42b551_nohash_0.wav,0,file
train,_unknown_,one,one/0a196374_nohash_1.wav,0,file
train,_unknown_,one,one/3f45a0cf_nohash_3.wav,0,file
train,_unknown_,two,two/637c702a_nohash_0.wav,0,file
train,_unknown_,three,three/02ade946_nohash_2.wav,0,file
train,_unknown_,bed,bed/825f450d_nohash_0.wav,0,file
train,_unknown_,bed,bed/85851131_nohash_0.wav,0,file
train,_unknown_,follow,follow/e9abfe31_nohash_3.wav,0,file
test,_unknown_,two,two/d962e5ac_nohash_3.wav,0,file
test,_unknown_,eight,eight/18f8afd5_nohash_0.wav,0,file
test,_unknown_,two,two/8fe67225_nohash_3.wav,0,file
test,_unknown_,wow,wow/a6f2fd71_nohash_0.wav,0,file
test,_unknown_,backward,backward/cfbedff9_nohash_2.wav,0,file
test,_unknown_,nine,nine/daf230ac_nohash_0.wav,0,file
test,_unknown_,marvin,marvin/af8b2f2c_nohash_1.wav,0,file
test,_unknown_,bed,bed/2796ac50_nohash_0.wav,0,file
test,_unknown_,bird,bird/bb31b82b_nohash_1.wav,0,file
test,_unknown_,wow,wow/af8b2f2c_nohash_0.wav,0,file
test,_unknown_,happy,happy/2c6d3924_nohash_0.wav,0,file
test,_unknown_,eight,eight/5170b77f_nohash_1.wav,0,file
test,_unknown_,six,six/9e2ce5e3_nohash_0.wav,0,file
test,_unknown_,dog,dog/5c8af87a_nohash_0.wav,0,file
test,_unknown_,five,five/798f702a_nohash_1.wav,0,file
test,_unknown_,follow,follow/18f8afd5_nohash_2.wav,0,file
test,_unknown_,eight,eight/c7dc7278_nohash_0.wav,0,file
test,_unknown_,six,six/9a69672b_nohash_2.wav,0,file
test,_unknown_,happy,happy/553f1a79_nohash_1.wav,0,file
test,_unknown_,one,one/283d7a53_nohash_0.wav,0,file
train,_silence_,_background_noise_,_background_noise_/doing_the_dishes.wav,931333,noise
train,_silence_,_background_noise_,_background_noise_/dude_miaowing.wav,229668,noise
train,_silence_,_background_noise_,_background_noise_/exercise_bike.wav,823407,noise
train,_silence_,_background_noise_,_background_noise_/pink_noise.wav,445696,noise
train,_silence_,_background_noise_,_background_noise_/doing_the_dishes.wav,135879,noise
train,_silence_,_background_noise_,_background_noise_/dude_miaowing.wav,689005,noise
train,_silence_,_background_noise_,_background_noise_/exercise_bike.wav,314513,noise
train,_silence_,_background_noise_,_background_noise_/pink_noise.wav,891392,noise
train,_silence_,_background_noise_,_background_noise_/doing_the_dishes.wav,847355,noise
train,_silence_,_background_noise_,_background_noise_/dude_miaowing.wav,175451,noise
train,_silence_,_background_noise_,_background_noise_/exercise_bike.wav,769681,noise
train,_silence_,_background_noise_,_background_noise_/pink_noise.wav,393089,noise
train,_silence_,_background_noise_,_background_noise_/doing_the_dishes.wav,51901,noise
train,_silence_,_background_noise_,_background_noise_/dude_miaowing.wav,634787,noise
train,_silence_,_background_noise_,_background_noise_/exercise_bike.wav,260788,noise
train,_silence_,_background_noise_,_background_noise_/pink_noise.wav,838785,noise
train,_silence_,_background_noise_,_background_noise_/doing_the_dishes.wav,763377,noise
train,_silence_,_background_noise_,_background_noise_/dude_miaowing.wav,121233,noise
train,_silence_,_background_noise_,_background_noise_/exercise_bike.wav,715956,noise
train,_silence_,_background_noise_,_background_noise_/pink_noise.wav,340481,noise
train,_silence_,_background_noise_,_background_noise_/doing_the_dishes.wav,1474853,noise
train,_silence_,_background_noise_,_background_noise_/dude_miaowing.wav,580570,noise
train,_silence_,_background_noise_,_background_noise_/exercise_bike.wav,207062,noise
train,_silence_,_background_noise_,_background_noise_/pink_noise.wav,786178,noise
train,_silence_,_background_noise_,_background_noise_/doing_the_dishes.wav,679398,noise
train,_silence_,_background_noise_,_background_noise_/dude_miaowing.wav,67016,noise
train,_silence_,_background_noise_,_background_noise_/exercise_bike.wav,662231,noise
train,_silence_,_background_noise_,_background_noise_/pink_noise.wav,287874,noise
train,_silence_,_background_noise_,_background_noise_/doing_the_dishes.wav,1390874,noise
train,_silence_,_background_noise_,_background_noise_/dude_miaowing.wav,526353,noise
train,_silence_,_background_noise_,_background_noise_/exercise_bike.wav,153337,noise
train,_silence_,_background_noise_,_background_noise_/pink_noise.wav,733570,noise
train,_silence_,_background_noise_,_background_noise_/doing_the_dishes.wav,595420,noise
train,_silence_,_background_noise_,_background_noise_/dude_miaowing.wav,12798,noise
train,_silence_,_background_noise_,_background_noise_/exercise_bike.wav,608505,noise
train,_silence_,_background_noise_,_background_noise_/pink_noise.wav,235267,noise
train,_silence_,_background_noise_,_background_noise_/doing_the_dishes.wav,1306896,noise
train,_silence_,_background_noise_,_background_noise_/dude_miaowing.wav,472135,noise
train,_silence_,_background_noise_,_background_noise_/exercise_bike.wav,99612,noise
train,_silence_,_background_noise_,_background_noise_/pink_noise.wav,680963,noise
train,_silence_,_background_noise_,_background_noise_/doing_the_dishes.wav,511442,noise
train,_silence_,_background_noise_,_background_noise_/dude_miaowing.wav,931472,noise
train,_silence_,_background_noise_,_background_noise_/exercise_bike.wav,554780,noise
train,_silence_,_background_noise_,_background_noise_/pink_noise.wav,182659,noise
train,_silence_,_background_noise_,_background_noise_/doing_the_dishes.wav,1222918,noise
train,_silence_,_background_noise_,_background_noise_/dude_miaowing.wav,417918,noise
train,_silence_,_background_noise_,_background_noise_/exercise_bike.wav,45886,noise
train,_silence_,_background_noise_,_background_noise_/pink_noise.wav,628356,noise
train,_silence_,_background_noise_,_background_noise_/doing_the_dishes.wav,427463,noise
train,_silence_,_background_noise_,_background_noise_/dude_miaowing.wav,877255,noise
train,_silence_,_background_noise_,_background_noise_/exercise_bike.wav,501055,noise
train,_silence_,_background_noise_,_background_noise_/pink_noise.wav,130052,noise
train,_silence_,_background_noise_,_background_noise_/doing_the_dishes.wav,1138939,noise
train,_silence_,_background_noise_,_background_noise_/dude_miaowing.wav,363701,noise
train,_silence_,_background_noise_,_background_noise_/exercise_bike.wav,956223,noise
train,_silence_,_background_noise_,_background_noise_/pink_noise.wav,575748,noise
train,_silence_,_background_noise_,_background_noise_/doing_the_dishes.wav,343485,noise
train,_silence_,_background_noise_,_background_noise_/dude_miaowing.wav,823037,noise
train,_silence_,_background_noise_,_background_noise_/exercise_bike.wav,447329,noise
train,_silence_,_background_noise_,_background_noise_/pink_noise.wav,77445,noise
test,_silence_,_background_noise_,_background_noise_/running_tap.wav,594850,noise
test,_silence_,_background_noise_,_background_noise_/white_noise.wav,222848,noise
test,_silence_,_background_noise_,_background_noise_/running_tap.wav,822062,noise
test,_silence_,_background_noise_,_background_noise_/white_noise.wav,445696,noise
test,_silence_,_background_noise_,_background_noise_/running_tap.wav,86787,noise
test,_silence_,_background_noise_,_background_noise_/white_noise.wav,668544,noise
test,_silence_,_background_noise_,_background_noise_/running_tap.wav,314000,noise
test,_silence_,_background_noise_,_background_noise_/white_noise.wav,891392,noise
test,_silence_,_background_noise_,_background_noise_/running_tap.wav,541212,noise
test,_silence_,_background_noise_,_background_noise_/white_noise.wav,170240,noise
test,_silence_,_background_noise_,_background_noise_/running_tap.wav,768425,noise
test,_silence_,_background_noise_,_background_noise_/white_noise.wav,393089,noise
test,_silence_,_background_noise_,_background_noise_/running_tap.wav,33149,noise
test,_silence_,_background_noise_,_background_noise_/white_noise.wav,615937,noise
test,_silence_,_background_noise_,_background_noise_/running_tap.wav,260362,noise
test,_silence_,_background_noise_,_background_noise_/white_noise.wav,838785,noise
test,_silence_,_background_noise_,_background_noise_/running_tap.wav,487575,noise
test,_silence_,_background_noise_,_background_noise_/white_noise.wav,117633,noise
test,_silence_,_background_noise_,_background_noise_/running_tap.wav,714787,noise
test,_silence_,_background_noise_,_background_noise_/white_noise.wav,340481,noise
