SpeakerOrNoiseID,InTrain,InTest
00176480,1,0
004ae714,1,0
00970ce1,1,0
012c8314,1,0
0137b3f4,1,0
016e2c6d,1,0
01bb6a2a,1,0
023a61ad,1,0
02ade946,1,0
03401e93,0,1
03c96658,1,0
042186b8,1,0
042a8dde,1,0
050170cb,1,0
0585b66d,1,0
05d18852,1,0
06a79a03,1,0
07089da9,1,0
0717b9f6,1,0
07363607,1,0
0819edb0,1,0
0a196374,1,0
0a2b400e,1,0
0a7c2a8d,1,0
0a9f9af7,1,0
0b7ee1a0,1,0
0ba018fc,1,0
0bd689d7,1,0
0c2ca723,1,0
0c40e715,0,1
0c5027de,1,0
0cd323ec,1,0
0d53e045,0,1
0d90d8e1,1,0
0e6e36c9,1,0
0f2442b6,1,0
0fa1e7a9,0,1
0ff728b5,1,0
10627519,1,0
106a6183,1,0
11321027,1,0
11379f4d,1,0
113b3fbc,1,0
12529547,1,0
13dce503,1,0
144d27ff,1,0
1496195a,1,0
14c7b073,1,0
15c371c7,1,0
15c563d7,1,0
15dd287d,1,0
16d41d07,1,0
173ce2be,1,0
179a61b7,1,0
189cbabe,0,1
18e910f4,1,0
18f8afd5,0,1
18ffa72d,1,0
190821dc,1,0
195c120a,1,0
19785c4e,1,0
197f4153,1,0
1a892463,1,0
1a994c9f,1,0
1acc97de,0,1
1aeef15e,1,0
1b42b551,1,0
1b4c9b89,0,1
1b88bf70,1,0
1ba20be2,1,0
1c3f50ad,1,0
1cc80e39,1,0
1daa5ada,1,0
1fd85ee4,1,0
2005ca25,0,1
20d779bf,1,0
210f3aa9,0,1
211b928a,1,0
2167c2ed,1,0
21cbe292,1,0
2275edbb,1,0
229978fd,1,0
2313e093,1,0
234ab0fb,1,0
235b444f,1,0
24694eb6,1,0
24a3e589,1,0
24befdb3,1,0
25132942,1,0
2579e514,1,0
25e95412,1,0
26b28ea7,0,1
270bfa52,1,0
274c008f,1,0
2796ac50,0,1
27c24504,1,0
283d7a53,0,1
28ce0c58,1,0
28e47b1a,1,0
29dce108,1,0
29fb33da,1,0
2a1f4853,1,0
2aa787cf,0,1
2aca1e72,1,0
2aec99ec,1,0
2b5e346d,1,0
2bd2cad5,1,0
2bdbe5f7,1,0
2c6d3924,0,1
2d82a556,0,1
2e30f9a5,1,0
2e75d37a,1,0
2f666bb2,1,0
2f813234,1,0
2fee065a,1,0
30060aba,1,0
30137d34,1,0
30f31e42,1,0
3108acca,1,0
31267b59,1,0
31270cb2,1,0
3143fdff,1,0
31583d30,1,0
31d68957,1,0
31e686d2,1,0
3209ec42,1,0
321aba74,1,0
324210dd,1,0
3291330e,1,0
33246bc2,1,0
332d33b1,1,0
333784b7,1,0
333d7ddb,1,0
338dacf5,1,0
3565ca83,1,0
3589bc72,1,0
35d1b6ee,1,0
363c6bad,1,0
365908bd,1,0
370844f7,0,1
3777c08e,1,0
37dca74f,0,1
37fc5d97,0,1
380abbad,1,0
3847619e,1,0
3852fca2,1,0
38d78313,1,0
39025b21,1,0
39a12648,1,0
3a182c98,1,0
3a3ee7ed,1,0
3a7d8872,1,0
3b195250,1,0
3b4f8f24,0,1
3b8406c0,1,0
3bb68054,1,0
3bfd30e6,1,0
3c1e12cf,1,0
3c257192,1,0
3df9a3d4,0,1
3dfd6c23,1,0
3e31dffe,1,0
3e6e5b0f,1,0
3efef882,0,1
3f339c33,1,0
3f45a0cf,1,0
40738a2d,1,0
412c675c,0,1
418e7158,1,0
4254621e,1,0
4290ca61,0,1
42a99aec,1,0
435695e3,1,0
435f9f9e,1,0
44e9d8d2,1,0
459345ea,1,0
460209ac,1,0
46a153d8,1,0
47d01978,0,1
4995d875,1,0
49f30eed,1,0
4a0e2c16,0,1
4a671512,1,0
4b25f620,1,0
4bb1244f,1,0
4bba14ce,1,0
4bc2c2c5,1,0
4c3cddb8,1,0
4c6167ca,0,1
4c62312c,1,0
4c6944d6,1,0
4c841771,0,1
4cee0c60,1,0
4def68db,1,0
4e99c1b7,1,0
4f781a59,1,0
4fd1443e,0,1
4fd4d073,1,0
508e30ee,1,0
50928b05,1,0
51055bda,1,0
5170b77f,0,1
518588b6,1,0
51c5601d,1,0
52162b51,1,0
53458368,1,0
53fd1780,1,0
54412eae,1,0
54ad8f22,1,0
54b6d355,1,0
553f1a79,0,1
559bc36a,1,0
56cd307a,1,0
57152045,1,0
5744b6a7,0,1
578d3efb,1,0
57b38f48,1,0
57de2379,1,0
5a3fc246,1,0
5af0ca83,1,0
5c8af87a,0,1
5d4e3bb8,1,0
5d9bb361,1,0
5de3f6cc,1,0
5e3dde6b,0,1
5eb5fc74,0,1
5efb758c,1,0
5f814c23,0,1
5ff3f9a1,0,1
60472d26,1,0
61482e52,1,0
6166ae21,1,0
617aeb6c,1,0
617de221,1,0
61ab8fbc,1,0
61abbf52,1,0
61d3e51e,1,0
620ff0fa,1,0
62ccd358,1,0
62f05757,1,0
637c702a,1,0
638548d5,1,0
63f7a489,0,1
6414258b,1,0
64574a99,1,0
651d108f,1,0
652b3da7,1,0
653a48f5,0,1
6565a81d,1,0
65d844fc,1,0
66041c69,1,0
6727b579,1,0
676f8138,1,0
679463fc,1,0
67bdbf56,1,0
68dd409e,0,1
6904f0cb,1,0
692a88e6,0,1
69a1a79f,1,0
6a014b29,1,0
6a2fb9a5,1,0
6a497f80,1,0
6aa8def4,1,0
6ac35824,1,0
6ace4fe1,1,0
6add0595,1,0
6bf5baf3,1,0
6c429c7b,1,0
6d2d3b0d,1,0
6e41a77e,1,0
6e74c582,1,0
6ef407da,1,0
6ef76186,1,0
6f2c6f7e,1,0
6f7724f5,1,0
6fb3d5a7,1,0
70a00e98,1,0
712e4d58,1,0
71904de3,1,0
7192fddc,0,1
71d0ded4,1,0
71e6ab20,1,0
71f9bba8,1,0
72242187,1,0
72320401,1,0
7257420c,0,1
72e382bd,1,0
735845ab,1,0
74241b28,1,0
742d6431,1,0
74b73f88,1,0
763188c4,1,0
765ffccb,1,0
7846fd85,1,0
798f702a,0,1
7a5530c9,1,0
7ab5b8f7,1,0
7b2e879e,1,0
7be9f58a,1,0
7c2a3fa4,1,0
7e783e3f,1,0
7f208e83,1,0
7f74626f,1,0
7fb8d703,1,0
81332c92,1,0
8134f43f,1,0
821b64cc,1,0
824e8ce5,1,0
825f450d,1,0
8281a2a8,1,0
82b99576,0,1
833a0279,1,0
833d9f56,1,0
834f03fe,1,0
837a0f64,0,1
83957201,0,1
8494fba8,0,1
84999496,1,0
84bf12ff,1,0
84d1e469,0,1
857366dd,1,0
85851131,1,0
85b877b5,1,0
85c5eaa0,1,0
85d2ac4b,0,1
8625475c,0,1
863880b7,0,1
87014d40,1,0
87070229,0,1
8769c34c,0,1
878befa7,1,0
879a2b38,1,0
87c62767,1,0
88053e92,1,0
881583a6,0,1
888a0c49,1,0
8931f494,1,0
893705bb,0,1
89947bd7,1,0
89e59d18,1,0
8a28231e,1,0
8a56f36e,1,0
8b25410a,1,0
8c780627,1,0
8c7b691a,1,0
8c888bbb,1,0
8d4cdc60,1,0
8e523821,1,0
8ea6dec6,0,1
8eb4a1bf,1,0
8fe52b97,0,1
8fe67225,0,1
90735d8b,1,0
90e72357,1,0
9151f184,1,0
91b03183,0,1
937b433e,1,0
94de6a6a,0,1
95218ce8,1,0
953fe1ad,1,0
95ba4996,0,1
95fd5a0f,1,0
964e8cfd,0,1
978240e1,1,0
97f493b9,1,0
97f4c236,0,1
9886d8bf,1,0
9a2e5b3c,1,0
9a69672b,0,1
9a7c1f83,0,1
9a8d8d34,1,0
9aa21fa9,1,0
9acd0254,1,0
9b027ecf,1,0
9b8a7439,1,0
9be15e93,1,0
9c59dd28,1,0
9d171fee,0,1
9dc1889e,0,1
9e2ce5e3,0,1
9f4098cb,1,0
9f92fb7c,1,0
9fac5701,1,0
9ff1b8b6,1,0
9ff2d2f4,1,0
a16013b7,1,0
a1c63f25,1,0
a1cf7fd8,1,0
a1cff772,1,0
a1e71565,1,0
a2473d62,0,1
a2cc5444,1,0
a2fefcb4,1,0
a489191a,1,0
a4e8a997,0,1
a55105d0,1,0
a5609cce,1,0
a56859ea,1,0
a5d1becc,1,0
a6f2fd71,0,1
a7216980,0,1
a77fbcfd,1,0
a7acbbeb,1,0
a8cb6dda,1,0
a928cc5b,1,0
a929f9b9,1,0
a95dbfd4,1,0
a9abc695,1,0
aa233654,0,1
aa80f517,0,1
ab46af55,1,0
ac4b3fc3,1,0
ac7840d8,1,0
acde7e73,1,0
ad340ed7,1,0
ad6a46f1,0,1
adebe223,0,1
aeb99b1c,1,0
af30314d,1,0
af790082,1,0
af8b2f2c,0,1
b087aa0e,1,0
b0f5b16d,1,0
b19f7f5f,1,0
b2ae3928,1,0
b308773d,1,0
b3bb4dd6,1,0
b414c653,1,0
b49caed3,0,1
b528edb3,1,0
b544d4fd,1,0
b5552931,1,0
b59fa113,1,0
b5cf6ea8,1,0
b6026214,1,0
b665723d,1,0
b66f4f93,1,0
b6d11c9b,1,0
b72e58c9,1,0
b7a0754f,1,0
b7e9f841,0,1
b80d6c5e,1,0
b84f83d2,1,0
b87bdb22,1,0
b8874962,1,0
b93528e3,1,0
b97c9f77,0,1
bab36420,1,0
baeac2ba,1,0
bb05582b,0,1
bb31b82b,0,1
bb6d4301,1,0
bbc30633,1,0
bbf38549,1,0
bd11c654,1,0
bd76a7fd,1,0
bd8412df,1,0
bdd22e4d,1,0
bde0f20a,1,0
be7a5b2d,1,0
beb458a4,0,1
beb49c22,1,0
bfaf2000,1,0
bfb10243,1,0
bfd26d6b,0,1
c0445658,1,0
c0cb43d6,1,0
c0e8f5a1,1,0
c1e0e8e3,1,0
c22d3f18,0,1
c2dccf38,1,0
c392e01d,1,0
c39703ec,1,0
c4500713,1,0
c4e00ee9,1,0
c50f55b8,1,0
c518d1b1,0,1
c634a189,1,0
c692524d,1,0
c7124b73,0,1
c71e3acc,1,0
c727b558,1,0
c7aaad67,1,0
c7dc7278,0,1
c93d5e22,1,0
c948d727,1,0
ca48dc76,0,1
ca4912b6,1,0
ca4d5368,0,1
ca58a8c6,1,0
caedb73a,0,1
cb72dfb6,1,0
cba7f985,1,0
cc3b5b62,1,0
cc4f9250,1,0
cc592808,0,1
cc71bada,1,0
cce17a61,1,0
cce7416f,1,0
cd671b5f,1,0
cd7f8c1b,1,0
cd85758f,0,1
cdbd6969,1,0
ceef6d96,1,0
cfbedff9,0,1
d0faf7e4,0,1
d1dd03ed,1,0
d264f7b6,1,0
d278d8ef,1,0
d394ef8e,1,0
d53e25ba,1,0
d5b963aa,0,1
d71ad617,1,0
d7467392,0,1
d933bf5e,1,0
d94eb94f,1,0
d962e5ac,0,1
d98dd124,1,0
d9aa8c90,1,0
d9e9f554,0,1
da76aa58,1,0
dabd70c2,1,0
dae01802,1,0
daf230ac,0,1
db24628d,0,1
db7c95b0,1,0
dbb7723a,1,0
dc269564,1,0
dce5041a,1,0
de08912f,1,0
de89e2ca,1,0
dea820ce,1,0
df038de4,1,0
df6bd83f,1,0
dfb6450b,1,0
e0315cf6,1,0
e0c782d5,0,1
e1469561,0,1
e2008f39,1,0
e2286c18,1,0
e269bac0,1,0
e3e0f145,1,0
e41a903b,0,1
e53139ad,1,0
e57abea3,1,0
e7117d00,1,0
e71b4ce6,0,1
e76dd1ce,1,0
e7ea8b76,1,0
e8d562ca,1,0
e9287461,1,0
e98cb283,1,0
e9901cf0,0,1
e9abfe31,1,0
e9b61425,1,0
e9bc5cc2,1,0
ea0cf37f,1,0
ea356919,0,1
eaa83485,1,0
eb0676ec,1,0
eb609143,1,0
ebdd0f59,1,0
ec201020,1,0
ec32860c,1,0
ec989d6d,1,0
ecbd8d66,1,0
ed032775,1,0
ed3c2d05,1,0
ee6163d5,1,0
ef3367d9,1,0
f035e2ea,1,0
f0ac2522,1,0
f19c1390,1,0
f216055e,1,0
f2898d06,1,0
f2e59fea,0,1
f2f0d244,1,0
f30285c8,1,0
f33660af,1,0
f35eedd7,1,0
f3d06008,1,0
f428ca69,0,1
f42e234b,1,0
f4f59743,1,0
f5733968,1,0
f6581345,1,0
f68160c0,1,0
f736ab63,1,0
f7879738,1,0
f798ac78,1,0
f804cbb3,1,0
f810e799,1,0
f852895b,1,0
f864cd4a,1,0
f875f965,1,0
f953e1af,1,0
f9643d42,0,1
f9bdf10e,1,0
fa44fcf5,1,0
fa57ab3b,1,0
facd97c0,1,0
fb7eb481,0,1
fb8c31a9,1,0
fbb2f6cc,1,0
fc3ba625,1,0
fd5ccd39,1,0
fdb5155e,0,1
ff0e27c3,1,0
ffd2ba2f,1,0
noise:doing_the_dishes,1,0
noise:dude_miaowing,1,0
noise:exercise_bike,1,0
noise:pink_noise,1,0
noise:running_tap,0,1
noise:white_noise,0,1
