Label,TrainCount,TestCount,TotalCount,Archive,ArchiveBytes,ArchiveSHA256
down,60,20,80,01_down.zip,1783119,5932f26d071a4dbf7d93a09a7dacad94621bf97b026f6489b16ea77269941e3f
go,60,20,80,02_go.zip,1750659,42661c0533349da5b050eca007f5a6d156ccbbe4abca7ef2b3e336278ccd4ba6
left,60,20,80,03_left.zip,1827303,2c35b5153f9e54cef81ae3ebd686c787f19164fbfb103978b63af72918c7cf11
no,60,20,80,04_no.zip,1768405,70f0692a2177136c7f1d7bb17d751fa9ff4f8c9cc6134dec6acff38fd5f660d7
off,60,20,80,05_off.zip,1801360,fb2629709dc18951fff396b69d99cbb0c0ee2bec92a1d94df42b406d52ccdaf6
on,60,20,80,06_on.zip,1810923,91a15d0cb5518195d77ed88a8f7da2999b37384cef7ff4ac8b4c4befa241cdec
right,60,20,80,07_right.zip,1699418,7078f20fa23d3c3bb24d760bf30ed720314dfa79a1b0e143a5279783b4cd6479
stop,60,20,80,08_stop.zip,1794557,c12803afe6d912b808934a84ba00a508a4b9cc55d0dcb8dcecd2b92671bcfc33
up,60,20,80,09_up.zip,1745357,7c50039f544247188f1552a63703f020490278b713d6cfa162ae632e61d0d2b4
yes,60,20,80,10_yes.zip,1887900,0e047ffbdd242132a5d4c573738af5db5abd1f13f7aba05899d618b319f655d8
_unknown_,60,20,80,11_unknown.zip,1843171,5d751837395ca4e597121e7cb1615888eaccabfff9961b9c77dfcda641e58531
_silence_,60,20,80,12_silence.zip,1798119,9d20925347a4d0789fec16f7c013f8294d214fd0e9eca44b9f6e0c67e205d35e
